Epoch,Bx,By,Bz
2015-01-01 00:00:30,4.5581665,-3.34585,1.0207816
2015-01-01 00:01:30,3.9759274,-4.0312376,-0.29619592
2015-01-01 00:02:30,4.276002,-3.7314153,0.6669351
2015-01-01 00:03:30,4.832341,-3.3208895,1.1332439
2015-01-01 00:04:30,5.257354,-2.916049,1.2582875
2015-01-01 00:05:30,5.2734194,-3.3335261,0.9647321
2015-01-01 00:06:30,5.2991843,-3.315959,1.0913054
2015-01-01 00:07:30,4.8603315,-3.9359353,1.1461586
2015-01-01 00:08:30,4.608034,-4.2679524,1.0150225
2015-01-01 00:09:30,4.582537,-4.290112,0.8820322
2015-01-01 00:10:30,4.693478,-4.09403,0.92490613
2015-01-01 00:11:30,4.732478,-4.10196,0.8079916
2015-01-01 00:12:30,4.90695,-3.781436,0.97770107
2015-01-01 00:13:30,5.36495,-3.0635765,1.0543203
2015-01-01 00:14:30,5.5256553,-2.776625,1.2526627
2015-01-01 00:15:30,4.61417,-3.3279843,0.88322777
2015-01-01 00:16:30,3.0032218,-4.2748966,0.19563037
2015-01-01 00:17:30,3.6774812,-3.889901,0.45114812
2015-01-01 00:18:30,3.7590337,-3.3443208,0.52574813
2015-01-01 00:19:30,4.785924,-1.1898396,1.6357996
2015-01-01 00:20:30,4.47372,-2.4057767,1.1121541
2015-01-01 00:21:30,4.446683,-2.3431299,1.0434235
2015-01-01 00:22:30,4.8960943,-1.1839802,1.556281
2015-01-01 00:23:30,5.185311,-1.9727678,0.98455966
2015-01-01 00:24:30,5.1306806,-2.3552146,0.7086601
2015-01-01 00:25:30,4.8340154,-2.8091035,0.26674563
2015-01-01 00:26:30,4.7356014,-2.9659142,0.119095035
2015-01-01 00:27:30,4.8483324,-2.6538534,0.39466178
2015-01-01 00:28:30,4.9989996,-2.2885697,0.9691538
2015-01-01 00:29:30,4.991161,-2.224563,0.9485639
2015-01-01 00:30:30,5.014824,-1.9898481,1.1439309
2015-01-01 00:31:30,5.0253806,-1.7427481,1.3743234
2015-01-01 00:32:30,5.0017114,-1.5902157,1.3513144
2015-01-01 00:33:30,5.1034184,-1.521179,1.44303
2015-01-01 00:34:30,4.9827514,-1.4912317,1.3408626
2015-01-01 00:35:30,4.958143,-1.5519994,1.0740455
2015-01-01 00:36:30,4.8952513,-1.6192725,1.1537641
2015-01-01 00:37:30,4.9054813,-1.4203976,1.2950108
2015-01-01 00:38:30,4.900698,-1.0752645,1.4030864
2015-01-01 00:39:30,4.8200736,-1.1308522,1.2415092
2015-01-01 00:40:30,4.842005,-1.2014271,1.1372321
2015-01-01 00:41:30,4.8236566,-1.2325476,1.085194
2015-01-01 00:42:30,4.827081,-1.210818,1.0346893
2015-01-01 00:43:30,4.6841245,-1.2252033,0.9842132
2015-01-01 00:44:30,4.683518,-1.1816857,0.90283793
2015-01-01 00:45:30,4.6108828,-1.1750066,0.7677116
2015-01-01 00:46:30,4.5720377,-1.1123245,0.819045
2015-01-01 00:47:30,4.6146293,-1.087824,0.817746
2015-01-01 00:48:30,4.609457,-1.1360945,0.7325426
2015-01-01 00:49:30,4.539378,-1.2325522,0.7254691
2015-01-01 00:50:30,4.483882,-1.4388741,0.5863844
2015-01-01 00:51:30,4.4862075,-1.4261158,0.60115033
2015-01-01 00:52:30,4.4368773,-1.5330427,0.57215863
2015-01-01 00:53:30,4.4664083,-1.6340206,0.51997644
2015-01-01 00:54:30,4.478492,-1.6875927,0.34059557
2015-01-01 00:55:30,4.335547,-1.7362483,0.05277371
2015-01-01 00:56:30,4.3861217,-1.608354,-0.061159182
2015-01-01 00:57:30,4.499844,-1.0207027,0.24949893
2015-01-01 00:58:30,4.468715,-1.0130024,0.19448337
2015-01-01 00:59:30,4.1957846,-1.6418946,-0.3088451
2015-01-01 01:00:30,4.175054,-1.579521,-0.1554386
2015-01-01 01:01:30,4.142613,-1.6692349,-0.3635678
2015-01-01 01:02:30,4.052551,-1.7648559,-0.46862102
2015-01-01 01:03:30,4.164025,-1.5500506,-0.2600368
2015-01-01 01:04:30,4.1589837,-1.543061,-0.23568732
2015-01-01 01:05:30,4.1376076,-1.5079339,-0.20171013
2015-01-01 01:06:30,4.158757,-1.440251,-0.20451237
2015-01-01 01:07:30,4.087853,-1.555457,-0.43141827
2015-01-01 01:08:30,4.0741396,-1.5420253,-0.4951293
2015-01-01 01:09:30,4.0563436,-1.5445262,-0.52049285
2015-01-01 01:10:30,4.0822706,-1.5294311,-0.4552931
2015-01-01 01:11:30,3.9904847,-1.6711309,-0.58475685
2015-01-01 01:12:30,3.942936,-1.7344278,-0.62002635
2015-01-01 01:13:30,3.9349709,-1.7330819,-0.6081066
2015-01-01 01:14:30,3.9045374,-1.7493719,-0.6217521
2015-01-01 01:15:30,3.8806324,-1.7652112,-0.6172677
2015-01-01 01:16:30,3.8449695,-1.860339,-0.66211134
2015-01-01 01:17:30,3.7923567,-1.9551506,-0.6523033
2015-01-01 01:18:30,3.759832,-1.8531976,-0.66256106
2015-01-01 01:19:30,3.9705896,-1.4613019,-0.82103956
2015-01-01 01:20:30,3.9689221,-1.483857,-0.8662494
2015-01-01 01:21:30,4.0463986,-1.360591,-0.90032494
2015-01-01 01:22:30,4.0846596,-1.2369471,-0.92086583
2015-01-01 01:23:30,4.184385,-0.9326676,-0.7990749
2015-01-01 01:24:30,4.124741,-1.1104925,-0.85917944
2015-01-01 01:25:30,4.0378804,-1.2563232,-1.0995239
2015-01-01 01:26:30,4.135941,-0.9843133,-0.9923295
2015-01-01 01:27:30,3.9928334,-1.2079979,-1.1270331
2015-01-01 01:28:30,3.9619992,-1.1658827,-1.104684
2015-01-01 01:29:30,3.9358928,-1.1258415,-1.1711473
2015-01-01 01:30:30,3.8629782,-1.2635124,-1.214205
2015-01-01 01:31:30,3.8826027,-1.4123837,-1.1582431
2015-01-01 01:32:30,3.832715,-1.4795675,-1.1837857
2015-01-01 01:33:30,3.7710176,-1.62593,-1.2319083
2015-01-01 01:34:30,3.8534446,-1.77575,-1.3107125
2015-01-01 01:35:30,3.8890364,-1.832828,-1.4720192
2015-01-01 01:36:30,3.871728,-1.737601,-1.3437828
2015-01-01 01:37:30,3.7925773,-1.9564383,-0.83702564
2015-01-01 01:38:30,3.6560972,-1.9088213,-0.85916555
2015-01-01 01:39:30,3.639313,-1.7733967,-1.192901
2015-01-01 01:40:30,3.5975442,-1.8828367,-1.148346
2015-01-01 01:41:30,3.620503,-1.9021511,-1.0852236
2015-01-01 01:42:30,3.6236086,-1.7530131,-1.1977187
2015-01-01 01:43:30,3.4704218,-1.6994772,-1.6871363
2015-01-01 01:44:30,3.5787854,-1.95457,-1.2432824
2015-01-01 01:45:30,3.643952,-2.0202363,-0.97064835
2015-01-01 01:46:30,3.68628,-1.8162909,-0.9218348
2015-01-01 01:47:30,3.5922425,-2.0521464,-0.8649389
2015-01-01 01:48:30,3.5122485,-2.1964257,-0.6324893
2015-01-01 01:49:30,3.5609298,-2.0624876,-0.94570994
2015-01-01 01:50:30,3.546833,-2.1988711,-1.0178192
2015-01-01 01:51:30,3.8468213,-1.9548666,-0.5978874
2015-01-01 01:52:30,3.8613267,-2.0718997,-0.6492867
2015-01-01 01:53:30,3.692539,-2.3008423,-0.85340655
2015-01-01 01:54:30,3.5807652,-2.440121,-1.0722373
2015-01-01 01:55:30,3.6055465,-2.40892,-1.0164827
2015-01-01 01:56:30,3.4924,-2.59396,-0.86906755
2015-01-01 01:57:30,3.4525888,-2.6265686,-0.7675722
2015-01-01 01:58:30,3.1998458,-2.945995,-0.7177686
2015-01-01 01:59:30,3.305571,-2.8614638,-0.7743245
2015-01-01 02:00:30,3.3275647,-2.7942395,-0.8311203
2015-01-01 02:01:30,3.6457329,-2.413396,-0.2365063
2015-01-01 02:02:30,3.4153674,-2.3552697,-0.64326215
2015-01-01 02:03:30,3.1508312,-2.4512868,-0.9563489
2015-01-01 02:04:30,2.6063712,-2.8814538,-1.2918919
2015-01-01 02:05:30,2.667178,-2.9654427,-1.2632715
2015-01-01 02:06:30,2.8082788,-2.9106574,-1.1099924
2015-01-01 02:07:30,2.9918578,-2.683907,-0.7906972
2015-01-01 02:08:30,3.040464,-2.6561828,-0.6404715
2015-01-01 02:09:30,2.9731848,-2.7317195,-0.6509544
2015-01-01 02:10:30,2.9913359,-2.7651393,-0.6335116
2015-01-01 02:11:30,3.016652,-2.8127923,-0.50203925
2015-01-01 02:12:30,3.2464666,-2.6692653,-0.07375412
2015-01-01 02:13:30,3.307724,-2.606244,0.18551685
2015-01-01 02:14:30,3.0854247,-2.8469,-0.34490582
2015-01-01 02:15:30,3.1740613,-2.8471513,-0.18205997
2015-01-01 02:16:30,3.2374165,-2.6381168,-0.09395422
2015-01-01 02:17:30,3.3171115,-2.508499,-0.112984896
2015-01-01 02:18:30,3.0991309,-2.5932074,-0.16481297
2015-01-01 02:19:30,3.086767,-2.5173383,-0.0123667475
2015-01-01 02:20:30,3.144081,-2.620541,0.4386561
2015-01-01 02:21:30,3.3191247,-2.2545257,0.0012782698
2015-01-01 02:22:30,3.5274205,-2.0571375,-0.059954852
2015-01-01 02:23:30,3.591813,-2.292251,0.41616154
2015-01-01 02:24:30,3.781763,-2.340316,0.32578
2015-01-01 02:25:30,3.877963,-2.2650871,0.26536474
2015-01-01 02:26:30,3.777954,-2.4456942,0.15663522
2015-01-01 02:27:30,3.8678238,-2.2858286,0.16818373
2015-01-01 02:28:30,4.0049524,-1.9204788,-0.0027218484
2015-01-01 02:29:30,3.9147847,-2.131266,0.33558062
2015-01-01 02:30:30,3.5995708,-2.6308475,0.6368209
2015-01-01 02:31:30,3.8430288,-2.196133,0.6064189
2015-01-01 02:32:30,3.7024472,-2.5801857,0.46980327
2015-01-01 02:33:30,3.5328176,-2.755214,0.34164444
2015-01-01 02:34:30,3.5362053,-2.3186712,0.68624735
2015-01-01 02:35:30,3.4006464,-2.33874,0.47493213
2015-01-01 02:36:30,3.4666061,-2.0200737,0.53895634
2015-01-01 02:37:30,3.4914489,-1.9610907,0.7518437
2015-01-01 02:38:30,3.4088862,-2.0106277,1.2963201
2015-01-01 02:39:30,3.2832427,-2.233437,1.1897012
2015-01-01 02:40:30,3.4085255,-2.060911,0.95132333
2015-01-01 02:41:30,3.2412267,-2.240717,0.85375166
2015-01-01 02:42:30,3.2042723,-2.1974015,0.935824
2015-01-01 02:43:30,,,
2015-01-01 02:44:30,3.2147286,-2.0267696,1.0098726
2015-01-01 02:45:30,3.3720777,-1.9820849,1.0365647
2015-01-01 02:46:30,3.81212,-1.5604515,1.2800206
2015-01-01 02:47:30,3.815792,-1.6642004,1.0935541
2015-01-01 02:48:30,2.8963847,-2.841293,0.63303435
2015-01-01 02:49:30,2.504327,-3.1229577,0.62589824
2015-01-01 02:50:30,2.7211125,-2.517819,0.98451215
2015-01-01 02:51:30,2.7507956,-2.1106112,1.2386745
2015-01-01 02:52:30,2.597978,-2.3052309,1.4055053
2015-01-01 02:53:30,2.69065,-1.5746564,1.6607327
2015-01-01 02:54:30,2.7484467,-1.2764871,1.8196833
2015-01-01 02:55:30,2.8498042,-1.1713449,1.9161329
2015-01-01 02:56:30,2.8557608,-1.251795,1.864851
2015-01-01 02:57:30,2.7739582,-1.5906925,1.6037756
2015-01-01 02:58:30,2.4504685,-2.574509,0.8845179
2015-01-01 02:59:30,2.7751088,-1.7410948,1.6467947
2015-01-01 03:00:30,2.5648162,-3.1564324,-0.46700275
2015-01-01 03:01:30,2.9629605,-2.8525615,0.114136115
2015-01-01 03:02:30,3.3152895,-2.195488,0.7182723
2015-01-01 03:03:30,2.7301004,-3.267268,-0.37419167
2015-01-01 03:04:30,2.4125519,-3.3602397,-0.76159906
2015-01-01 03:05:30,2.3528323,-3.0357618,-0.6000721
2015-01-01 03:06:30,,,
2015-01-01 03:07:30,,,
2015-01-01 03:08:30,,,
2015-01-01 03:09:30,,,
2015-01-01 03:10:30,,,
2015-01-01 03:11:30,2.41562,-3.1166255,-0.6218599
2015-01-01 03:12:30,1.9452083,-3.0825648,-1.2723761
2015-01-01 03:13:30,1.5734028,-2.8636742,-2.3041291
2015-01-01 03:14:30,2.2782485,-2.972849,-1.1641971
2015-01-01 03:15:30,2.6746888,-2.5214531,-0.71479404
2015-01-01 03:16:30,2.9006016,-2.4026442,-0.21009864
2015-01-01 03:17:30,2.8967242,-2.283033,-0.23371664
2015-01-01 03:18:30,2.7915483,-2.2857933,-0.59333664
2015-01-01 03:19:30,2.4932663,-2.2353313,-0.60892016
2015-01-01 03:20:30,2.701645,-1.949744,-0.5984348
2015-01-01 03:21:30,2.7150807,-1.5483565,-0.92173046
2015-01-01 03:22:30,1.5055195,-2.7952816,-0.2648318
2015-01-01 03:23:30,1.9047426,-2.4015453,-0.6277739
2015-01-01 03:24:30,2.2710674,-2.6931658,-1.3643591
2015-01-01 03:25:30,2.8593576,-1.7503248,-1.126282
2015-01-01 03:26:30,2.673581,-2.6466267,-1.2937509
2015-01-01 03:27:30,2.6811984,-2.8613646,-1.2071426
2015-01-01 03:28:30,2.321946,-2.3537402,-1.1001049
2015-01-01 03:29:30,2.6565993,-2.250603,-0.91194475
2015-01-01 03:30:30,2.427945,-2.3610463,-1.0327797
2015-01-01 03:31:30,1.9083782,-2.6726434,-1.2876495
2015-01-01 03:32:30,1.826951,-2.722858,-1.1164864
2015-01-01 03:33:30,1.6390142,-2.4365757,-1.1625262
2015-01-01 03:34:30,1.4510574,-2.4544773,-1.1004634
2015-01-01 03:35:30,,,
2015-01-01 03:36:30,1.1325758,-3.0307257,-0.8054437
2015-01-01 03:37:30,1.0334226,-2.3867855,-0.7634412
2015-01-01 03:38:30,0.9821507,-2.2633402,-0.8512461
2015-01-01 03:39:30,0.59345084,-1.9321413,-0.43816346
2015-01-01 03:40:30,0.5897896,-1.957625,-0.24691299
2015-01-01 03:41:30,0.572208,-2.02128,-0.37473595
2015-01-01 03:42:30,0.79631615,-2.009977,-0.48185605
2015-01-01 03:43:30,1.1116352,-2.0305467,-0.73181343
2015-01-01 03:44:30,1.2071462,-2.062995,-0.66433257
2015-01-01 03:45:30,0.7524051,-1.4454232,-0.51015145
2015-01-01 03:46:30,0.30412394,0.004107957,1.851275
2015-01-01 03:47:30,0.07747135,0.38218394,2.6842778
2015-01-01 03:48:30,-0.009263981,1.0606817,3.0479758
2015-01-01 03:49:30,-0.18319835,2.5467792,2.5599842
2015-01-01 03:50:30,-0.50683594,3.1141982,1.4306295
2015-01-01 03:51:30,-0.4630562,2.682468,0.23224036
2015-01-01 03:52:30,-0.26892507,1.2697437,-0.13653715
2015-01-01 03:53:30,-0.3228772,1.0303284,0.06426188
2015-01-01 03:54:30,-0.33180082,0.70348006,0.05006173
2015-01-01 03:55:30,-0.29055953,0.6710671,-0.2541352
2015-01-01 03:56:30,-0.5400668,-0.6898474,-0.5677191
2015-01-01 03:57:30,,,
2015-01-01 03:58:30,,,
2015-01-01 03:59:30,-0.79188514,-1.0206417,-1.1092088
2015-01-01 04:00:30,-1.123106,-0.82290226,-0.89331156
2015-01-01 04:01:30,-0.2049973,-0.20985484,-0.27999258
2015-01-01 04:02:30,-0.34988272,-0.9056502,-0.9259781
2015-01-01 04:03:30,-0.9230053,-1.2234412,-1.2869596
2015-01-01 04:04:30,-1.9295595,0.027515663,-0.5586832
2015-01-01 04:05:30,-1.6889759,0.24188364,-0.11790448
2015-01-01 04:06:30,-1.7164116,0.47996974,0.20095013
2015-01-01 04:07:30,-1.5116405,0.69707084,0.557375
2015-01-01 04:08:30,-1.5855312,0.8085434,1.1819121
2015-01-01 04:09:30,-2.2658815,0.9396611,1.2390152
2015-01-01 04:10:30,-2.0471942,1.1185874,1.3703002
2015-01-01 04:11:30,-2.5283842,1.3094704,1.2138631
2015-01-01 04:12:30,-2.569044,1.1330779,0.9620871
2015-01-01 04:13:30,-2.5492272,0.91359013,0.9992881
2015-01-01 04:14:30,-2.2202682,0.31232828,0.46005663
2015-01-01 04:15:30,-2.3485816,-0.41486502,-0.24980876
2015-01-01 04:16:30,-2.5448444,-0.46905732,-0.19619298
2015-01-01 04:17:30,-2.7629972,-0.52126527,-0.004765302
2015-01-01 04:18:30,-2.8613513,-0.49618056,0.08924462
2015-01-01 04:19:30,-2.9179306,-0.48337156,0.05042477
2015-01-01 04:20:30,-2.829367,-0.60092264,-0.041561503
2015-01-01 04:21:30,-2.4294844,-0.75740224,-0.09540658
2015-01-01 04:22:30,-1.8734158,-0.79243815,-0.0032509607
2015-01-01 04:23:30,-1.97407,-0.78318983,0.041122053
2015-01-01 04:24:30,-1.8012105,-0.7079292,0.1149006
2015-01-01 04:25:30,-2.2260687,-0.6144326,0.21750665
2015-01-01 04:26:30,-2.2689404,-0.81750363,0.13941048
2015-01-01 04:27:30,-1.8404704,-1.3668907,-0.108716615
2015-01-01 04:28:30,-2.4743524,-1.3447553,0.28429642
2015-01-01 04:29:30,-2.2778125,-1.1029335,0.50407994
2015-01-01 04:30:30,-2.5110366,-1.2759037,0.73488337
2015-01-01 04:31:30,-2.413122,-1.4420218,0.58789206
2015-01-01 04:32:30,-2.4388208,-1.741379,0.30042732
2015-01-01 04:33:30,-2.7878237,-1.699178,0.2808008
2015-01-01 04:34:30,-2.770477,-1.7873898,0.22955045
2015-01-01 04:35:30,-2.618516,-1.9690425,0.04585397
2015-01-01 04:36:30,-2.5379999,-1.6249485,-0.02557445
2015-01-01 04:37:30,-2.450832,-1.3411736,0.11442204
2015-01-01 04:38:30,-2.5083227,-1.2981223,0.19124323
2015-01-01 04:39:30,-2.4973156,-1.2798355,0.29241866
2015-01-01 04:40:30,-2.5085447,-1.1982412,0.07066069
2015-01-01 04:41:30,-2.4247067,-1.2593524,0.10372835
2015-01-01 04:42:30,-2.3394103,-1.2071438,0.045550283
2015-01-01 04:43:30,-2.3371723,-1.4680421,0.20318982
2015-01-01 04:44:30,-2.380849,-1.4040533,0.22768459
2015-01-01 04:45:30,-2.1918914,-1.1707779,0.27731368
2015-01-01 04:46:30,-2.170926,-0.8543476,0.087733306
2015-01-01 04:47:30,-1.8855083,-1.7969269,-0.056461625
2015-01-01 04:48:30,-1.6912906,-2.0659308,-0.13161904
2015-01-01 04:49:30,-1.831535,-1.9882629,-0.11311986
2015-01-01 04:50:30,-1.748717,-2.0076296,-0.20828123
2015-01-01 04:51:30,-1.7179877,-1.6640269,-0.26991782
2015-01-01 04:52:30,,,
2015-01-01 04:53:30,-1.7502218,-1.4437683,-0.39333415
2015-01-01 04:54:30,-1.7461536,-1.3056968,-0.39760616
2015-01-01 04:55:30,-1.4354893,-1.1782315,-0.4405325
2015-01-01 04:56:30,-1.6393847,-1.2469372,-0.5165399
2015-01-01 04:57:30,-1.6295456,-1.225595,-0.48430708
2015-01-01 04:58:30,-1.7931683,-1.098653,-0.4275505
2015-01-01 04:59:30,-1.933564,-0.8188027,-0.38922277
2015-01-01 05:00:30,-1.9449834,-0.6743504,-0.36192837
2015-01-01 05:01:30,-1.8328518,0.74882203,-0.44534874
2015-01-01 05:02:30,-2.2002337,-0.9342338,-0.28906757
2015-01-01 05:03:30,-2.017359,-0.6557957,0.080732726
2015-01-01 05:04:30,-1.5401924,-1.2130935,-0.061695255
2015-01-01 05:05:30,-1.721792,-1.5734506,-0.27304694
2015-01-01 05:06:30,-1.2861564,-1.9654542,-0.33974674
2015-01-01 05:07:30,-0.9871432,-2.0448472,-0.1326321
2015-01-01 05:08:30,-1.2326417,-2.0864108,-0.18249081
2015-01-01 05:09:30,-1.3014557,-2.3891978,-0.2507775
2015-01-01 05:10:30,-1.253685,-2.2634811,-0.20866117
2015-01-01 05:11:30,-0.85542405,-1.6587906,-0.2999975
2015-01-01 05:12:30,-1.749816,-2.3255222,0.12126343
2015-01-01 05:13:30,-2.1755383,-2.2224457,0.29395303
2015-01-01 05:14:30,-2.2075975,-2.3374076,-0.27571365
2015-01-01 05:15:30,-2.2415912,-2.2972372,-0.23124143
2015-01-01 05:16:30,-2.0502913,-2.2125235,0.049738426
2015-01-01 05:17:30,-2.123959,-2.1970394,-0.07175111
2015-01-01 05:18:30,-2.0192633,-2.4028215,0.048852272
2015-01-01 05:19:30,-2.141856,-2.4292092,-0.2935379
2015-01-01 05:20:30,-2.3406327,-2.2489235,-0.22152638
2015-01-01 05:21:30,-2.4569654,-2.2876205,-0.1490356
2015-01-01 05:22:30,-2.6432211,-1.7979228,0.03447323
2015-01-01 05:23:30,-2.5743067,-1.6726888,0.0012754808
2015-01-01 05:24:30,-2.6522212,-1.8916011,-0.090661004
2015-01-01 05:25:30,-2.5074425,-2.0389705,-0.02490697
2015-01-01 05:26:30,-2.2931223,-2.0081413,-0.18608403
2015-01-01 05:27:30,-2.357401,-2.0312724,-0.4462624
2015-01-01 05:28:30,-2.3726573,-2.1026435,-0.49000248
2015-01-01 05:29:30,-2.3739855,-2.037143,-0.36903855
2015-01-01 05:30:30,-2.3845096,-1.9058561,-0.1758807
2015-01-01 05:31:30,-2.4182785,-1.9869622,-0.23087612
2015-01-01 05:32:30,-2.3044994,-2.164433,-0.068890944
2015-01-01 05:33:30,-2.0530498,-1.8596356,0.2280703
2015-01-01 05:34:30,-2.1274223,-2.222883,0.04253199
2015-01-01 05:35:30,-1.8063265,-2.5289648,0.32029772
2015-01-01 05:36:30,-1.5018287,-2.8110836,0.03868696
2015-01-01 05:37:30,,,
2015-01-01 05:38:30,,,
2015-01-01 05:39:30,-1.6473036,-2.4856849,-0.050096177
2015-01-01 05:40:30,-1.8914995,-2.3444908,-0.08614212
2015-01-01 05:41:30,-1.6295646,-2.2823167,-0.31436026
2015-01-01 05:42:30,-1.5405272,-2.2880688,-0.32273382
2015-01-01 05:43:30,-1.5522997,-2.2650466,-0.20491461
2015-01-01 05:44:30,-1.6622951,-2.2849946,-0.12066371
2015-01-01 05:45:30,-1.6461108,-2.087026,-0.4394779
2015-01-01 05:46:30,-1.7729268,-1.8803239,-0.2188377
2015-01-01 05:47:30,-1.8961637,-1.7709183,-0.25577864
2015-01-01 05:48:30,-2.1304011,-1.5186527,-0.23505689
2015-01-01 05:49:30,-1.8204598,-1.8580996,-0.19619332
2015-01-01 05:50:30,-1.808436,-1.9948939,-0.17569025
2015-01-01 05:51:30,-1.7118405,-1.9682308,-0.22718164
2015-01-01 05:52:30,-1.8225409,-1.9984581,-0.3469005
2015-01-01 05:53:30,,,
2015-01-01 05:54:30,-1.4617339,-2.2574754,-0.48718816
2015-01-01 05:55:30,-1.6462046,-2.0338662,-0.46516228
2015-01-01 05:56:30,-1.8918563,-1.7184709,-0.4206673
2015-01-01 05:57:30,-2.3120446,-1.2156024,-0.58868635
2015-01-01 05:58:30,,,
2015-01-01 05:59:30,-2.523089,-0.5362522,-0.4394914
2015-01-01 06:00:30,-2.47441,-0.49174017,-0.526778
2015-01-01 06:01:30,-2.6959765,-0.43232355,-0.48505667
2015-01-01 06:02:30,-2.704389,-0.5035953,-0.56292576
2015-01-01 06:03:30,-2.638467,-0.5652404,-0.46579942
2015-01-01 06:04:30,-2.6955504,-0.6472357,-0.49212363
2015-01-01 06:05:30,-2.6318238,-0.67332524,0.04925338
2015-01-01 06:06:30,-2.7088926,-0.7464764,-0.013129741
2015-01-01 06:07:30,-2.6615584,-0.6442921,-0.4136816
2015-01-01 06:08:30,-2.4943664,-0.6211772,-0.6253201
2015-01-01 06:09:30,-2.417044,-1.0859671,-0.6027312
2015-01-01 06:10:30,-2.326551,-1.30661,-0.51922196
2015-01-01 06:11:30,-1.801926,-1.9281802,-0.09786381
2015-01-01 06:12:30,-1.7823508,-2.083766,-0.019733187
2015-01-01 06:13:30,,,
2015-01-01 06:14:30,-1.9887805,-1.2602777,-0.34879726
2015-01-01 06:15:30,-1.8023515,-1.2925137,-0.30488998
2015-01-01 06:16:30,-1.8769164,-1.4132386,-0.25349912
2015-01-01 06:17:30,-1.9944359,-1.6609479,-0.21477114
2015-01-01 06:18:30,-1.8574551,-1.9280918,0.12213395
2015-01-01 06:19:30,-1.8202744,-2.0100281,-0.10543394
2015-01-01 06:20:30,-1.885181,-2.0952334,0.023322169
2015-01-01 06:21:30,-2.0061204,-2.1621537,0.2727323
2015-01-01 06:22:30,-1.9981438,-2.1672513,0.059758134
2015-01-01 06:23:30,-1.7818121,-2.315667,-0.08397325
2015-01-01 06:24:30,-1.8419925,-2.297465,-0.1489365
2015-01-01 06:25:30,-1.8373259,-2.405154,-0.12271175
2015-01-01 06:26:30,-1.9772139,-2.4222214,-0.21061066
2015-01-01 06:27:30,-1.9305199,-2.4850187,-0.1307697
2015-01-01 06:28:30,-1.5784265,-2.6034636,0.029699765
2015-01-01 06:29:30,-1.6073203,-2.686618,-0.06799951
2015-01-01 06:30:30,-1.6421722,-2.7157698,-0.11075198
2015-01-01 06:31:30,-1.4804933,-2.6338775,-0.13158228
2015-01-01 06:32:30,-1.6498783,-2.5474057,-0.2385249
2015-01-01 06:33:30,-1.6166888,-2.5791268,-0.07939275
2015-01-01 06:34:30,-1.65674,-2.482934,-0.024650885
2015-01-01 06:35:30,-1.0262529,-2.5859902,0.94884515
2015-01-01 06:36:30,-1.3229206,-2.5619047,0.7524147
2015-01-01 06:37:30,-1.5300521,-2.4890878,0.591199
2015-01-01 06:38:30,-1.6168344,-2.470357,0.27173164
2015-01-01 06:39:30,-1.6320618,-2.1865385,0.42434475
2015-01-01 06:40:30,-1.9760284,-0.7313176,-1.1858771
2015-01-01 06:41:30,-2.1100523,-0.6999571,-1.043477
2015-01-01 06:42:30,,,
2015-01-01 06:43:30,-2.076972,0.11707059,-1.3531836
2015-01-01 06:44:30,-1.564827,-0.020009905,-1.6243273
2015-01-01 06:45:30,-1.9955871,-0.43242776,-0.86576456
2015-01-01 06:46:30,-1.3240464,-0.90902,-0.34782842
2015-01-01 06:47:30,-1.7420805,-1.0337572,-0.40370196
2015-01-01 06:48:30,-1.7943223,-0.96511453,-0.44249398
2015-01-01 06:49:30,-1.725007,-1.1994087,-0.4491036
2015-01-01 06:50:30,-1.860044,-1.2186612,-0.38363007
2015-01-01 06:51:30,-1.7606263,-1.2014389,-0.38514107
2015-01-01 06:52:30,-1.8076887,-0.98557734,-0.5004239
2015-01-01 06:53:30,-2.1246958,-0.850963,-0.5430434
2015-01-01 06:54:30,-1.9366516,-1.146068,-0.3871687
2015-01-01 06:55:30,-1.9068648,-1.4116737,-0.50449365
2015-01-01 06:56:30,-1.9094535,-1.6494703,-0.36615482
2015-01-01 06:57:30,-2.2325342,-1.595962,-0.4372068
2015-01-01 06:58:30,-2.733247,-1.2215866,-0.71813077
2015-01-01 06:59:30,-2.6969504,-1.1614001,-0.71155447
2015-01-01 07:00:30,-2.7557838,-1.1067238,-0.50602627
2015-01-01 07:01:30,-2.7601268,-1.2464824,-0.3003605
2015-01-01 07:02:30,-2.7404537,-1.2790354,-0.3204909
2015-01-01 07:03:30,-2.6891575,-1.1303266,-0.39269778
2015-01-01 07:04:30,-2.5848653,-1.160658,-0.64149535
2015-01-01 07:05:30,-2.6008034,-1.4240218,-0.6095572
2015-01-01 07:06:30,-2.2294364,-1.8238943,-0.47505656
2015-01-01 07:07:30,-2.3248641,-1.827926,-0.28890377
2015-01-01 07:08:30,-2.1325152,-1.7187744,-0.54529846
2015-01-01 07:09:30,-2.2847195,-1.7133939,-0.54386675
2015-01-01 07:10:30,-2.1824894,-1.737816,-0.6078719
2015-01-01 07:11:30,-2.0492349,-1.7975951,-0.49319446
2015-01-01 07:12:30,-2.1734161,-1.7400684,-0.81418973
2015-01-01 07:13:30,-2.0632715,-1.5070562,-0.96957505
2015-01-01 07:14:30,-2.2092953,-1.4515617,-1.0736891
2015-01-01 07:15:30,-1.1601028,-0.23238133,-1.0770265
2015-01-01 07:16:30,-0.8140236,0.542589,-1.6281177
2015-01-01 07:17:30,-3.0602887,-1.1121931,-1.6398636
2015-01-01 07:18:30,-3.472676,-0.8564709,-1.7591865
2015-01-01 07:19:30,-3.3884964,-0.75568265,-1.7374344
2015-01-01 07:20:30,-3.6105044,-0.7346933,-1.6457651
2015-01-01 07:21:30,-3.767543,-0.74091387,-1.6491766
2015-01-01 07:22:30,-3.8069592,-0.5627772,-1.7668394
2015-01-01 07:23:30,-3.7964687,-0.51931494,-1.7902348
2015-01-01 07:24:30,-3.6698508,-0.63566726,-1.6727144
2015-01-01 07:25:30,-3.5107567,-0.74373525,-1.7706912
2015-01-01 07:26:30,-3.4638548,-0.79241925,-1.7934542
2015-01-01 07:27:30,-3.4535403,-0.7677429,-1.727252
2015-01-01 07:28:30,-3.4702718,-0.7039673,-1.6220452
2015-01-01 07:29:30,-3.5548599,-0.41637185,-1.4651449
2015-01-01 07:30:30,-3.6727538,-0.26523072,-1.195991
2015-01-01 07:31:30,-3.7071981,-0.15358253,-1.2431333
2015-01-01 07:32:30,-3.5436714,-0.21288931,-1.3956348
2015-01-01 07:33:30,-3.518026,-0.3890346,-1.4597259
2015-01-01 07:34:30,-3.3765173,-0.7637029,-1.5799316
2015-01-01 07:35:30,-3.251119,-0.9420623,-1.6759521
2015-01-01 07:36:30,-2.887158,-1.4052849,-1.7059667
2015-01-01 07:37:30,-2.7119937,-1.7688862,-1.4533409
2015-01-01 07:38:30,-3.1892729,-0.41428027,-1.6863254
2015-01-01 07:39:30,-3.3009582,-0.110310346,-1.8114675
2015-01-01 07:40:30,-3.344745,-0.13036756,-1.8657243
2015-01-01 07:41:30,-3.4810338,-0.037945874,-1.8045398
2015-01-01 07:42:30,-3.4834595,-0.30056438,-1.7926621
2015-01-01 07:43:30,-3.1565986,-0.39738053,-1.9703807
2015-01-01 07:44:30,-3.0298584,-0.66221964,-2.0703726
2015-01-01 07:45:30,-2.9557276,-0.35948774,-1.9023528
2015-01-01 07:46:30,-2.9648712,-0.57891023,-1.8708379
2015-01-01 07:47:30,-3.0534644,-0.58266854,-1.7218918
2015-01-01 07:48:30,-2.8953457,-0.9418005,-1.8549408
2015-01-01 07:49:30,-2.2706482,-1.3998799,-1.6550727
2015-01-01 07:50:30,-1.4986175,-1.5393144,-1.5193336
2015-01-01 07:51:30,-1.6693842,-1.5442812,-1.8228029
2015-01-01 07:52:30,-1.2231743,-1.8082702,-1.7798179
2015-01-01 07:53:30,-1.2680998,-2.0876684,-1.6052622
2015-01-01 07:54:30,-0.95092666,-1.4567131,-1.3489089
2015-01-01 07:55:30,-0.3455251,-1.3136823,-1.0039392
2015-01-01 07:56:30,-0.24824311,-1.4023094,-1.127042
2015-01-01 07:57:30,-0.19815595,-1.4247767,-1.1241527
2015-01-01 07:58:30,-0.039148156,-1.7341739,-1.0882995
2015-01-01 07:59:30,-0.18724714,-1.1019206,-0.66387594
2015-01-01 08:00:30,-0.19715124,-1.7228527,-0.88640517
2015-01-01 08:01:30,-0.19892542,-2.250077,-1.0239505
2015-01-01 08:02:30,-0.08827232,-2.4301503,-1.0562648
2015-01-01 08:03:30,-0.03689032,-2.4747863,-1.0332088
2015-01-01 08:04:30,0.106254496,-2.4589772,-0.89250803
2015-01-01 08:05:30,0.39058295,-2.5827858,-0.92730826
2015-01-01 08:06:30,0.955889,-2.5800388,-0.6919299
2015-01-01 08:07:30,0.9143051,-2.851123,-0.8098617
2015-01-01 08:08:30,1.0724436,-2.7745712,-0.74063617
2015-01-01 08:09:30,0.72338074,-2.6488004,-0.8303216
2015-01-01 08:10:30,0.59074825,-2.6733391,-1.0338992
2015-01-01 08:11:30,0.2797162,-2.561138,-1.0437716
2015-01-01 08:12:30,0.4923986,-2.610335,-1.091919
2015-01-01 08:13:30,1.2736127,-2.4337306,-0.92583114
2015-01-01 08:14:30,1.6411011,-2.4661443,-0.677362
2015-01-01 08:15:30,1.5873479,-2.3829298,-0.1922086
2015-01-01 08:16:30,1.3025553,-2.0779352,-0.42966124
2015-01-01 08:17:30,1.3028177,-2.219858,-0.39561114
2015-01-01 08:18:30,1.2051568,-2.173504,-0.36113265
2015-01-01 08:19:30,1.1241812,-2.3307505,-0.32023555
2015-01-01 08:20:30,1.031794,-2.2925162,-0.24774769
2015-01-01 08:21:30,1.0632825,-2.5063999,-0.32617572
2015-01-01 08:22:30,1.4406856,-2.1753728,0.32866734
2015-01-01 08:23:30,1.5018623,-1.7035068,0.5529593
2015-01-01 08:24:30,1.4794276,-1.816494,0.13576214
2015-01-01 08:25:30,1.2488469,-2.000512,0.12063622
2015-01-01 08:26:30,1.087917,-2.1602724,-0.09928266
2015-01-01 08:27:30,-1.4025037,-1.5047785,-1.2584965
2015-01-01 08:28:30,-3.2554665,-1.220928,-1.2632892
2015-01-01 08:29:30,-3.225669,-0.8653285,-1.4566293
2015-01-01 08:30:30,-3.1039224,-1.0742497,-1.5194721
2015-01-01 08:31:30,-2.7833283,-1.476402,-1.0187348
2015-01-01 08:32:30,-3.0538163,-1.3038095,-1.5543233
2015-01-01 08:33:30,-3.2336392,-1.152166,-1.7235018
2015-01-01 08:34:30,-2.8608,-1.0186661,-1.8825779
2015-01-01 08:35:30,-1.9444112,-1.1699537,-2.1678236
2015-01-01 08:36:30,-2.5907912,-1.0097907,-1.7386309
2015-01-01 08:37:30,-2.8104634,-1.6281595,0.18924908
2015-01-01 08:38:30,-2.6348295,-1.8356493,-0.251604
2015-01-01 08:39:30,-2.639814,-1.5258297,-0.3606168
2015-01-01 08:40:30,-2.643207,-1.2281799,-0.9463854
2015-01-01 08:41:30,-2.3783283,-1.1770667,-1.3427519
2015-01-01 08:42:30,-2.6444595,-1.1519771,-1.6065745
2015-01-01 08:43:30,-2.2444203,-1.0683733,-0.7657203
2015-01-01 08:44:30,-2.524014,-0.6452183,-0.5558318
2015-01-01 08:45:30,-2.3790772,-1.0195268,-0.7477843
2015-01-01 08:46:30,-2.1504645,-1.3273449,-1.0759792
2015-01-01 08:47:30,-2.4204512,-1.2018241,-1.0291395
2015-01-01 08:48:30,-2.4985383,-1.3191226,-0.9460326
2015-01-01 08:49:30,-2.5226343,-1.457913,-0.66210204
2015-01-01 08:50:30,-2.9875631,-0.13248111,-0.8504729
2015-01-01 08:51:30,-2.559209,-0.26561293,-1.093679
2015-01-01 08:52:30,-0.9595999,-2.4345026,-0.94155884
2015-01-01 08:53:30,-0.44668818,-2.8149076,-0.60586935
2015-01-01 08:54:30,-0.75249255,-2.5488963,-1.0946178
2015-01-01 08:55:30,-0.3477436,-2.847599,-0.6946236
2015-01-01 08:56:30,-0.28364667,-3.2105968,-0.67574644
2015-01-01 08:57:30,-0.012526346,-3.2880728,-0.39755264
2015-01-01 08:58:30,-0.1139976,-2.9575164,-0.5744321
2015-01-01 08:59:30,-0.0003491244,-2.6771035,-1.1189972
2015-01-01 09:00:30,-0.42735127,-2.2891145,-2.0352085
2015-01-01 09:01:30,-0.7599306,-2.0862184,-2.2408183
2015-01-01 09:02:30,-0.56893957,-2.435308,-2.075631
2015-01-01 09:03:30,-0.94242924,-2.6312385,-1.6806996
2015-01-01 09:04:30,-1.123249,-2.6636434,-1.4718455
2015-01-01 09:05:30,-1.481437,-2.5499046,-1.0631552
2015-01-01 09:06:30,-1.2960212,-2.848804,-0.6567618
2015-01-01 09:07:30,-1.3525836,-3.6068454,-0.56867427
2015-01-01 09:08:30,-1.4077939,-3.7636333,-0.27568036
2015-01-01 09:09:30,-1.4872648,-3.7564056,-0.19466273
2015-01-01 09:10:30,-1.0416834,-3.0661187,0.8892089
2015-01-01 09:11:30,-0.91978353,-2.849935,1.1348627
2015-01-01 09:12:30,-0.6673706,-3.001335,1.1200459
2015-01-01 09:13:30,0.17959185,-3.2424521,0.69405746
2015-01-01 09:14:30,0.12133714,-2.864913,1.552654
2015-01-01 09:15:30,0.28097948,-2.5336635,1.9049481
2015-01-01 09:16:30,0.13890228,-2.5139325,1.8869808
2015-01-01 09:17:30,0.056812435,-2.9399695,1.5114021
2015-01-01 09:18:30,0.24609879,-3.1308012,0.8933733
2015-01-01 09:19:30,0.050910987,-2.9598489,1.145803
2015-01-01 09:20:30,0.4384552,-2.8195498,1.2532011
2015-01-01 09:21:30,0.22275814,-1.1350223,0.7596772
2015-01-01 09:22:30,-0.76982105,-0.041816667,0.47844464
2015-01-01 09:23:30,-0.6733489,-0.33438003,0.16928266
2015-01-01 09:24:30,-0.73083276,-0.49859083,0.55583656
2015-01-01 09:25:30,-0.6466255,-0.253748,0.43473515
2015-01-01 09:26:30,-0.08909654,-0.24275552,0.16122623
2015-01-01 09:27:30,-0.50363725,-0.9661528,0.046510927
2015-01-01 09:28:30,0.12746751,-0.08401242,0.38279665
2015-01-01 09:29:30,-0.19037873,-0.9449424,0.20968969
2015-01-01 09:30:30,-0.23097165,0.39064845,0.86126924
2015-01-01 09:31:30,-0.5138779,0.32687908,1.1678034
2015-01-01 09:32:30,-0.065716274,0.5230402,1.5071408
2015-01-01 09:33:30,-1.1100299,-0.053830344,1.2867147
2015-01-01 09:34:30,-1.4811487,-0.13948697,1.2048159
2015-01-01 09:35:30,-1.1112515,-0.32491538,0.9504139
2015-01-01 09:36:30,-1.2813866,-0.7336459,0.59566396
2015-01-01 09:37:30,-1.3887002,-0.5587455,0.421284
2015-01-01 09:38:30,-1.3259217,-0.67752236,-0.12733088
2015-01-01 09:39:30,-1.2719152,-0.719978,-0.35608542
2015-01-01 09:40:30,-1.2915267,-0.7623244,-0.23535068
2015-01-01 09:41:30,-1.5290135,-0.65778595,-0.5964989
2015-01-01 09:42:30,-2.0644536,-0.5789742,-0.23875548
2015-01-01 09:43:30,-1.9072996,0.12214449,0.3373479
2015-01-01 09:44:30,-0.24105597,0.6609604,0.62426895
2015-01-01 09:45:30,-0.38241997,0.9363522,1.4453813
2015-01-01 09:46:30,-1.3949844,0.49301028,1.7886025
2015-01-01 09:47:30,-1.6408626,0.25642356,1.8266809
2015-01-01 09:48:30,-1.2320002,0.019487303,1.9260025
2015-01-01 09:49:30,-1.4236776,-0.017896762,1.6835513
2015-01-01 09:50:30,-0.6784928,0.22115296,1.7837559
2015-01-01 09:51:30,-1.0262694,0.35900247,1.9128345
2015-01-01 09:52:30,-0.70057064,0.59507895,2.0113204
2015-01-01 09:53:30,-0.58494735,0.37272567,1.8973955
2015-01-01 09:54:30,-0.8770966,0.50546813,1.9621929
2015-01-01 09:55:30,-1.0857716,0.44485226,1.3428724
2015-01-01 09:56:30,-0.5652603,-0.6484879,0.7543217
2015-01-01 09:57:30,0.34201428,-0.3308001,0.94517493
2015-01-01 09:58:30,0.9017816,-0.78257287,-0.23257136
2015-01-01 09:59:30,0.40363866,-0.7291117,0.15285425
2015-01-01 10:00:30,0.8711343,-1.3892698,0.22937149
2015-01-01 10:01:30,1.118331,-1.2724835,-0.07215374
2015-01-01 10:02:30,1.3292235,-1.0069506,-0.035537347
2015-01-01 10:03:30,2.5082786,-0.85170037,-0.28784078
2015-01-01 10:04:30,3.311279,-0.57638586,-1.0116894
2015-01-01 10:05:30,3.387083,-1.1206255,-0.40835586
2015-01-01 10:06:30,3.4103942,-0.7666002,-0.54569006
2015-01-01 10:07:30,3.39702,-0.4349561,-0.95821506
2015-01-01 10:08:30,3.5178413,-0.47344562,-1.1485859
2015-01-01 10:09:30,3.6382415,-0.604075,-1.0324683
2015-01-01 10:10:30,3.7224188,-0.69076586,-0.8393136
2015-01-01 10:11:30,3.738674,-0.7805646,-0.75652635
2015-01-01 10:12:30,3.669391,-1.0221106,-0.81432074
2015-01-01 10:13:30,3.7042048,-1.059598,-0.41096553
2015-01-01 10:14:30,3.671143,-0.8395705,-0.6540358
2015-01-01 10:15:30,3.8314672,-0.5603414,-0.714432
2015-01-01 10:16:30,3.946275,-0.19165832,-0.56077975
2015-01-01 10:17:30,3.9970458,-0.31920636,-0.37308475
2015-01-01 10:18:30,4.00664,-0.49227363,-0.43682268
2015-01-01 10:19:30,3.9780004,-0.439737,-0.5773233
2015-01-01 10:20:30,3.9653146,-0.48031753,-0.46659002
2015-01-01 10:21:30,4.0468073,-0.40801486,-0.4574425
2015-01-01 10:22:30,4.083634,-0.37242514,-0.4168953
2015-01-01 10:23:30,4.10531,-0.3727219,-0.5334893
2015-01-01 10:24:30,4.107396,-0.29825577,-0.5726358
2015-01-01 10:25:30,4.119981,-0.3838272,-0.5355456
2015-01-01 10:26:30,4.1082582,-0.2237167,-0.41637957
2015-01-01 10:27:30,4.1099815,-0.06749502,-0.35486507
2015-01-01 10:28:30,4.142086,-0.16003452,-0.39490286
2015-01-01 10:29:30,4.18912,-0.19595984,-0.34860572
2015-01-01 10:30:30,4.1679173,-0.2768301,-0.41294765
2015-01-01 10:31:30,4.1481757,-0.37042573,-0.5334484
2015-01-01 10:32:30,4.135674,-0.47351375,-0.6256985
2015-01-01 10:33:30,4.114828,-0.5190575,-0.7331657
2015-01-01 10:34:30,4.2046394,-0.48157758,-0.6129982
2015-01-01 10:35:30,4.1940928,-0.51856065,-0.6300494
2015-01-01 10:36:30,4.17797,-0.58682853,-0.69295156
2015-01-01 10:37:30,4.1628385,-0.5910245,-0.63400394
2015-01-01 10:38:30,4.2824984,-0.5196396,-0.6332909
2015-01-01 10:39:30,4.1860876,-0.48686254,-0.62358606
2015-01-01 10:40:30,4.154156,-0.52753174,-0.6114918
2015-01-01 10:41:30,4.096407,-0.36107504,-0.4783679
2015-01-01 10:42:30,4.0756416,-0.3008573,-0.45219007
2015-01-01 10:43:30,4.0633135,-0.38702577,-0.46169606
2015-01-01 10:44:30,4.0921216,-0.4703274,-0.53689176
2015-01-01 10:45:30,4.0693107,-0.44475457,-0.5458424
2015-01-01 10:46:30,4.1496897,-0.4429302,-0.49576136
2015-01-01 10:47:30,4.149175,-0.47606567,-0.49168608
2015-01-01 10:48:30,4.152068,-0.5340233,-0.54205674
2015-01-01 10:49:30,4.1435113,-0.58731925,-0.59040946
2015-01-01 10:50:30,4.1697383,-0.51866096,-0.49528047
2015-01-01 10:51:30,4.1403494,-0.459448,-0.4839322
2015-01-01 10:52:30,4.2010026,-0.52585316,-0.5007712
2015-01-01 10:53:30,4.2121935,-0.40476432,-0.40115306
2015-01-01 10:54:30,4.16718,-0.35668,-0.30973276
2015-01-01 10:55:30,4.1579194,-0.279364,-0.25983915
2015-01-01 10:56:30,4.1201754,-0.27376416,-0.22987267
2015-01-01 10:57:30,4.090076,-0.2635303,-0.19191371
2015-01-01 10:58:30,4.044817,-0.26121122,-0.13659641
2015-01-01 10:59:30,4.0373163,-0.29559338,-0.12356006
2015-01-01 11:00:30,4.0258493,-0.2996018,-0.095249064
2015-01-01 11:01:30,4.03457,-0.2912667,-0.081780806
2015-01-01 11:02:30,4.0474825,-0.28560874,-0.015174085
2015-01-01 11:03:30,4.0527472,-0.2942559,-0.076390415
2015-01-01 11:04:30,4.092067,-0.3061478,-0.054661818
2015-01-01 11:05:30,4.091721,-0.33111456,-0.08082641
2015-01-01 11:06:30,4.11827,-0.3141945,-0.07203285
2015-01-01 11:07:30,4.1082845,-0.3342052,-0.064603604
2015-01-01 11:08:30,4.105111,-0.26099065,-0.04627233
2015-01-01 11:09:30,4.1139927,-0.26674342,-0.03713753
2015-01-01 11:10:30,4.125387,-0.23851895,-0.044969637
2015-01-01 11:11:30,4.1007223,-0.2962193,-0.060121294
2015-01-01 11:12:30,4.099156,-0.3115769,-0.08227473
2015-01-01 11:13:30,4.111775,-0.26291817,-0.07932863
2015-01-01 11:14:30,4.118053,-0.31224668,-0.1390279
2015-01-01 11:15:30,4.12098,-0.2997356,-0.09052153
2015-01-01 11:16:30,4.1099186,-0.25679347,-0.08776899
2015-01-01 11:17:30,4.1065183,-0.2931813,-0.102916926
2015-01-01 11:18:30,4.136781,-0.22574568,-0.1517308
2015-01-01 11:19:30,4.114212,-0.24563001,-0.10198237
2015-01-01 11:20:30,4.0796266,-0.23842616,-0.21356978
2015-01-01 11:21:30,4.0045657,-0.31927082,-0.10665796
2015-01-01 11:22:30,3.9408848,-0.37040254,-0.22532572
2015-01-01 11:23:30,,,
2015-01-01 11:24:30,3.9268575,-0.29285717,-0.1414425
2015-01-01 11:25:30,3.937031,-0.24960493,-0.19390076
2015-01-01 11:26:30,3.8942084,-0.27853867,-0.11909048
2015-01-01 11:27:30,3.890344,-0.29395306,-0.11821577
2015-01-01 11:28:30,3.8566103,-0.22853191,-0.18373248
2015-01-01 11:29:30,3.8522944,-0.21720482,-0.061404888
2015-01-01 11:30:30,3.8939962,-0.18292543,-0.23891833
2015-01-01 11:31:30,3.8840158,-0.18570264,-0.21317223
2015-01-01 11:32:30,3.9106765,-0.14016545,-0.1977658
2015-01-01 11:33:30,3.9988375,-0.1200613,-0.13785072
2015-01-01 11:34:30,3.9918594,-0.15272857,-0.22347312
2015-01-01 11:35:30,4.0120215,-0.0024384018,-0.21365295
2015-01-01 11:36:30,4.108233,0.084392495,-0.19548817
2015-01-01 11:37:30,4.1281266,0.18872438,-0.22356813
2015-01-01 11:38:30,4.19252,0.09994813,-0.30460548
2015-01-01 11:39:30,4.217448,0.20083933,-0.18257473
2015-01-01 11:40:30,4.2162256,0.27141023,-0.35429734
2015-01-01 11:41:30,4.1837444,0.19203533,-0.38563752
2015-01-01 11:42:30,4.164318,0.25737634,-0.40203077
2015-01-01 11:43:30,4.151991,0.29091227,-0.3946898
2015-01-01 11:44:30,4.132278,0.3249761,-0.40259346
2015-01-01 11:45:30,4.13073,0.22927482,-0.3457434
2015-01-01 11:46:30,4.1698885,0.23418707,-0.50721854
2015-01-01 11:47:30,4.168462,0.35215437,-0.5285257
2015-01-01 11:48:30,4.2213287,0.30050883,-0.4682917
2015-01-01 11:49:30,4.216722,0.21615265,-0.4964016
2015-01-01 11:50:30,4.2743397,0.27390665,-0.54185754
2015-01-01 11:51:30,4.2328196,0.17084941,-0.5267487
2015-01-01 11:52:30,4.2395406,0.10422789,-0.48579225
2015-01-01 11:53:30,4.3179183,0.11203497,-0.49765614
2015-01-01 11:54:30,4.3854218,0.15659593,-0.522711
2015-01-01 11:55:30,4.4295626,-0.025486026,-0.37769714
2015-01-01 11:56:30,4.4625654,0.06611517,-0.45716116
2015-01-01 11:57:30,4.5007915,0.12242638,-0.48113903
2015-01-01 11:58:30,4.5113077,0.03279292,-0.40321773
2015-01-01 11:59:30,4.4524493,0.03611851,-0.46023488
2015-01-01 12:00:30,4.2889485,0.038211223,-0.49148092
2015-01-01 12:01:30,4.1638274,0.021109285,-0.53335017
2015-01-01 12:02:30,4.198365,-0.004363775,-0.5484991
2015-01-01 12:03:30,4.1705055,0.057932228,-0.58780897
2015-01-01 12:04:30,4.234668,0.08258167,-0.53340757
2015-01-01 12:05:30,4.2037306,0.07192678,-0.55931216
2015-01-01 12:06:30,4.1507697,0.019589411,-0.54972816
2015-01-01 12:07:30,4.062964,0.001510074,-0.5483561
2015-01-01 12:08:30,3.9897277,-0.05560661,-0.5840347
2015-01-01 12:09:30,3.94612,-0.08984279,-0.55746853
2015-01-01 12:10:30,3.9051416,-0.14594887,-0.6428579
2015-01-01 12:11:30,4.039599,-0.14127955,-0.62948155
2015-01-01 12:12:30,4.307706,-0.07285641,-0.8052447
2015-01-01 12:13:30,4.4363213,0.07821556,-0.82995635
2015-01-01 12:14:30,4.410725,0.4327179,-0.90590924
2015-01-01 12:15:30,4.4008937,0.38180202,-0.9681989
2015-01-01 12:16:30,4.351134,0.48885837,-0.95440775
2015-01-01 12:17:30,4.4244328,0.5350253,-0.88613975
2015-01-01 12:18:30,4.3769393,0.60955167,-0.96163183
2015-01-01 12:19:30,4.282442,0.64407086,-0.9017271
2015-01-01 12:20:30,4.2471128,0.7211914,-0.86758316
2015-01-01 12:21:30,3.966225,0.79241514,-0.7513434
2015-01-01 12:22:30,2.171571,0.4040503,-0.4818615
2015-01-01 12:23:30,-0.9016219,0.30775496,0.006671547
2015-01-01 12:24:30,-2.15601,-0.035419192,0.2140678
2015-01-01 12:25:30,-2.7701347,-0.17006484,0.06684461
2015-01-01 12:26:30,-2.7171228,-0.43725026,0.0048602032
2015-01-01 12:27:30,-2.8747597,-0.6417513,0.26768196
2015-01-01 12:28:30,-2.7158463,-0.7783464,0.28822628
2015-01-01 12:29:30,-2.6240077,-0.98473454,0.24458867
2015-01-01 12:30:30,-2.558103,-0.78952116,0.17713088
2015-01-01 12:31:30,-2.3932366,-0.7327558,0.16618945
2015-01-01 12:32:30,-2.2723126,-0.73079026,0.19891527
2015-01-01 12:33:30,-1.6007037,-0.1854182,-0.10009064
2015-01-01 12:34:30,-2.202363,-0.61527294,0.33819985
2015-01-01 12:35:30,-2.607974,-1.0391363,0.3579546
2015-01-01 12:36:30,-2.2692075,-1.178365,0.39630505
2015-01-01 12:37:30,-1.0990841,-0.85258967,0.10573287
2015-01-01 12:38:30,-1.5379251,-1.1020633,0.05505794
2015-01-01 12:39:30,-1.9252683,-1.4072624,0.14648104
2015-01-01 12:40:30,-2.0885086,-1.7058691,0.27600995
2015-01-01 12:41:30,-1.9007894,-1.387316,0.3522516
2015-01-01 12:42:30,-1.616889,-1.6756526,0.59775746
2015-01-01 12:43:30,-1.0754943,-1.4357059,0.47192195
2015-01-01 12:44:30,-0.70206237,-1.7297205,-0.49642235
2015-01-01 12:45:30,-0.94854444,-1.8968233,-0.44087398
2015-01-01 12:46:30,-1.6534168,-1.9886527,-0.09537179
2015-01-01 12:47:30,-1.3713973,-1.8995569,-0.08507313
2015-01-01 12:48:30,-2.0828955,-1.9980065,0.2378642
2015-01-01 12:49:30,-2.0923686,-1.951686,0.35752124
2015-01-01 12:50:30,-1.7901051,-1.7669444,-0.026643034
2015-01-01 12:51:30,-2.0625188,-1.2761185,-0.3045908
2015-01-01 12:52:30,-2.0437312,-1.5712732,0.09822918
2015-01-01 12:53:30,-2.149569,-1.3357992,0.20578583
2015-01-01 12:54:30,-1.9598005,-1.1058651,0.37418157
2015-01-01 12:55:30,-2.3449051,-0.9545598,0.70584977
2015-01-01 12:56:30,-2.4988513,-0.71722156,0.6253803
2015-01-01 12:57:30,-2.588118,-0.32533878,0.9235467
2015-01-01 12:58:30,-2.323427,-0.8592636,1.5013384
2015-01-01 12:59:30,-1.9588622,-0.99668396,1.2767347
2015-01-01 13:00:30,-1.516554,-0.46587533,0.93221396
2015-01-01 13:01:30,-1.9262403,-0.91812533,0.8936954
2015-01-01 13:02:30,-2.75366,-0.7853272,0.98744464
2015-01-01 13:03:30,-2.7234087,-0.77307576,0.9306994
2015-01-01 13:04:30,-2.6266382,-0.672136,0.9405928
2015-01-01 13:05:30,-2.4905674,-0.81961685,0.9677618
2015-01-01 13:06:30,-2.6238022,-0.78629845,0.9664256
2015-01-01 13:07:30,-2.7748437,-0.6313625,0.98520654
2015-01-01 13:08:30,-2.6472068,-0.475142,0.86508095
2015-01-01 13:09:30,-2.3867276,-0.74216676,0.7203505
2015-01-01 13:10:30,-2.3667028,-0.7078921,0.63889676
2015-01-01 13:11:30,-2.4162922,-0.5865969,0.6655669
2015-01-01 13:12:30,-2.5360959,-0.587997,0.657837
2015-01-01 13:13:30,-2.482466,-0.57645625,0.5907197
2015-01-01 13:14:30,-2.526255,-0.518976,0.5142339
2015-01-01 13:15:30,-2.6140072,-0.5546972,0.42059463
2015-01-01 13:16:30,-2.847549,-0.5356114,0.54223096
2015-01-01 13:17:30,-2.8270636,-0.558441,0.4520277
2015-01-01 13:18:30,-2.8117812,-0.48643064,0.33105525
2015-01-01 13:19:30,-2.8310895,-0.4898765,0.1650639
2015-01-01 13:20:30,-2.8074377,-0.60244656,0.035368007
2015-01-01 13:21:30,-2.8361375,-0.1465562,0.13200442
2015-01-01 13:22:30,-2.842098,-0.24818036,0.010831672
2015-01-01 13:23:30,-2.8169074,-0.29685444,-0.014471813
2015-01-01 13:24:30,-2.837025,-0.30189982,-0.08905739
2015-01-01 13:25:30,-2.8294477,-0.26077437,-0.015073181
2015-01-01 13:26:30,-2.8396413,-0.242409,0.1791696
2015-01-01 13:27:30,-2.883939,-0.14655678,0.13740516
2015-01-01 13:28:30,-2.8356407,0.0017331628,-0.15576021
2015-01-01 13:29:30,-2.7807686,0.11603104,-0.6090687
2015-01-01 13:30:30,-2.8440335,0.063807406,-0.3939996
2015-01-01 13:31:30,-2.9310927,0.064416476,-0.17929089
2015-01-01 13:32:30,-2.843565,0.24644578,-0.32662684
2015-01-01 13:33:30,-2.906523,0.042104434,-0.14325354
2015-01-01 13:34:30,-2.9605844,-0.078844056,0.1643049
2015-01-01 13:35:30,-2.921612,-0.008276914,-0.23649022
2015-01-01 13:36:30,-2.9567478,0.3877549,-0.34452802
2015-01-01 13:37:30,-2.9452221,0.2728996,-0.291487
2015-01-01 13:38:30,-2.9513397,0.37133318,-0.35569084
2015-01-01 13:39:30,-2.933941,0.48099056,-0.37921914
2015-01-01 13:40:30,-2.9637148,0.4774183,-0.4113334
2015-01-01 13:41:30,-2.881421,0.38269943,-0.45552173
2015-01-01 13:42:30,-2.8690484,0.2698179,-0.4522175
2015-01-01 13:43:30,-2.9564342,0.23891488,-0.48754868
2015-01-01 13:44:30,-2.962796,0.08836457,-0.39008847
2015-01-01 13:45:30,-2.7920485,-0.030715447,-0.30375454
2015-01-01 13:46:30,-2.9686306,0.12602353,-0.49888927
2015-01-01 13:47:30,-3.2157614,-0.24831492,-0.44680142
2015-01-01 13:48:30,-3.0730772,-0.24971531,-0.61370736
2015-01-01 13:49:30,-2.9749439,-0.25955555,-0.66014755
2015-01-01 13:50:30,-2.8608606,-0.28907433,-0.87136304
2015-01-01 13:51:30,-2.7498643,-0.3888948,-0.9865578
2015-01-01 13:52:30,-2.8067944,0.06872676,0.05699365
2015-01-01 13:53:30,-2.8865414,-0.05701862,0.11051575
2015-01-01 13:54:30,-2.9009914,-0.1233419,0.08148179
2015-01-01 13:55:30,-2.9752297,-0.15666014,0.14850597
2015-01-01 13:56:30,-3.0145361,-0.21630833,0.08454046
2015-01-01 13:57:30,-2.968848,-0.27842888,-0.029471641
2015-01-01 13:58:30,-2.9773912,-0.30569187,-0.2061846
2015-01-01 13:59:30,-2.989122,-0.2365852,-0.3926934
2015-01-01 14:00:30,-3.0471365,-0.22787073,-0.115607195
2015-01-01 14:01:30,-3.0255992,-0.06279622,-0.3346949
2015-01-01 14:02:30,-3.069881,-0.128327,-0.22299257
2015-01-01 14:03:30,-2.963008,-0.9039292,0.54951143
2015-01-01 14:04:30,-2.9591033,-0.75578344,0.5279714
2015-01-01 14:05:30,-2.870423,-0.8136636,0.71648103
2015-01-01 14:06:30,-2.7937129,-0.9807977,0.9044956
2015-01-01 14:07:30,-2.9860282,-0.6293052,0.3080335
2015-01-01 14:08:30,-2.3639069,-0.49109983,0.24908257
2015-01-01 14:09:30,-2.1486807,-0.38428614,0.22976662
2015-01-01 14:10:30,-1.0897465,-1.0538372,0.8062046
2015-01-01 14:11:30,-0.4279418,-1.6647892,1.1380215
2015-01-01 14:12:30,-0.7226265,-1.6518024,1.1908602
2015-01-01 14:13:30,-0.6560398,-1.8524522,1.2800688
2015-01-01 14:14:30,-1.365412,-1.7662894,1.0017134
2015-01-01 14:15:30,-3.435242,-0.5684033,-0.7391207
2015-01-01 14:16:30,-3.3983128,-0.53658336,-0.9623104
2015-01-01 14:17:30,-3.4612818,-0.55898523,-0.59241813
2015-01-01 14:18:30,-3.0855355,-1.4083494,0.8423568
2015-01-01 14:19:30,-3.0983493,-1.5087243,0.7217933
2015-01-01 14:20:30,-3.0905864,-1.4845184,0.69226307
2015-01-01 14:21:30,-3.1880076,-1.2880228,0.35767356
2015-01-01 14:22:30,-3.3611104,-1.3762589,0.046416193
2015-01-01 14:23:30,-3.4286897,-1.4201343,0.058864117
2015-01-01 14:24:30,-3.4409711,-1.2277983,0.2801378
2015-01-01 14:25:30,-3.5136166,-0.91236424,-0.5180762
2015-01-01 14:26:30,-3.296889,-0.7944715,-1.3352742
2015-01-01 14:27:30,-3.441258,-0.9585263,-1.4098047
2015-01-01 14:28:30,-3.3187208,-0.92168534,-1.4845155
2015-01-01 14:29:30,-3.464669,-0.9859731,-1.2978439
2015-01-01 14:30:30,-3.4113846,-1.4621909,-0.22855832
2015-01-01 14:31:30,-3.7094805,-1.2858621,-0.88395876
2015-01-01 14:32:30,-3.6085353,-1.3042068,-0.67825127
2015-01-01 14:33:30,-3.6546893,-1.5303447,-0.39438275
2015-01-01 14:34:30,-3.6767635,-1.5971134,-0.4793438
2015-01-01 14:35:30,-3.6819658,-1.4017379,-0.59633905
2015-01-01 14:36:30,-3.7298338,-1.8073524,-0.60457397
2015-01-01 14:37:30,-3.6920414,-1.5972508,-0.7413623
2015-01-01 14:38:30,-3.6868277,-1.4440696,-0.74066705
2015-01-01 14:39:30,-3.6073573,-1.5229267,-0.65966284
2015-01-01 14:40:30,-3.6038609,-1.4959313,-0.7679955
2015-01-01 14:41:30,-3.6018019,-1.5599934,-0.8325823
2015-01-01 14:42:30,-3.5456123,-1.6156366,-0.83665234
2015-01-01 14:43:30,-3.4189677,-1.574905,-0.93737864
2015-01-01 14:44:30,-3.4577546,-1.3965698,-0.5874268
2015-01-01 14:45:30,-3.3594189,-1.4296026,-0.84218955
2015-01-01 14:46:30,-3.5621943,-1.679924,-0.9601225
2015-01-01 14:47:30,-3.6063511,-1.5875372,-1.0436845
2015-01-01 14:48:30,-3.5480871,-1.6349227,-1.0876095
2015-01-01 14:49:30,-3.623863,-1.6081306,-1.2127874
2015-01-01 14:50:30,-3.8255556,-1.7467992,-0.7846006
2015-01-01 14:51:30,-3.9108791,-1.756273,-0.7662149
2015-01-01 14:52:30,-3.8999448,-1.8007003,-0.78163195
2015-01-01 14:53:30,-3.7796712,-1.7866611,-0.81684816
2015-01-01 14:54:30,-3.7704062,-1.7609028,-0.8309004
2015-01-01 14:55:30,-3.862563,-1.6858155,-0.84606385
2015-01-01 14:56:30,-3.9413977,-1.7654293,-0.8153174
2015-01-01 14:57:30,-3.9408393,-1.8001745,-0.9056362
2015-01-01 14:58:30,-3.935046,-1.6614789,-0.81444544
2015-01-01 14:59:30,-4.0223937,-1.6052834,-0.70019555
2015-01-01 15:00:30,-4.089037,-1.5816915,-0.54824215
2015-01-01 15:01:30,-3.8774962,-1.6382784,-0.8237699
2015-01-01 15:02:30,-3.6888204,-1.7109975,-1.0855787
2015-01-01 15:03:30,-3.6853766,-1.7757944,-0.9875259
2015-01-01 15:04:30,-3.8099494,-1.8137743,-0.76586324
2015-01-01 15:05:30,-3.7951233,-1.7486649,-0.70660263
2015-01-01 15:06:30,-3.8583264,-1.6129731,-0.60746723
2015-01-01 15:07:30,-3.9034383,-1.4883244,-0.5004291
2015-01-01 15:08:30,-3.8590474,-1.6715784,-0.5170867
2015-01-01 15:09:30,-3.9479802,-1.6549294,-0.39550677
2015-01-01 15:10:30,-3.7941744,-1.6384113,-0.42015994
2015-01-01 15:11:30,-3.7219965,-1.750634,-0.40976915
2015-01-01 15:12:30,-3.7119527,-1.7660019,-0.44030935
2015-01-01 15:13:30,-3.5813336,-1.8385271,-0.5472275
2015-01-01 15:14:30,-3.6819305,-1.7502239,-0.46797344
2015-01-01 15:15:30,-3.7750907,-1.6555662,-0.32736695
2015-01-01 15:16:30,-3.7078483,-1.758047,-0.33379138
2015-01-01 15:17:30,-3.7140021,-1.5891608,-0.2982054
2015-01-01 15:18:30,-3.78621,-1.6743226,-0.25379217
2015-01-01 15:19:30,-3.6979816,-1.7338315,-0.25868726
2015-01-01 15:20:30,-3.600287,-1.8399553,-0.31609547
2015-01-01 15:21:30,-3.7724242,-1.8534421,-0.31948605
2015-01-01 15:22:30,-3.7508893,-1.8482438,-0.19658108
2015-01-01 15:23:30,-3.6804483,-1.7072623,-0.31098604
2015-01-01 15:24:30,-3.682857,-1.6092592,-0.51643056
2015-01-01 15:25:30,-3.8943796,-1.609995,-0.43852323
2015-01-01 15:26:30,-3.9127629,-1.4680216,-0.013445528
2015-01-01 15:27:30,-4.1013393,-1.4278764,-0.028855387
2015-01-01 15:28:30,-4.163177,-1.5895866,-0.20257588
2015-01-01 15:29:30,-4.1174493,-1.6551043,-0.06273106
2015-01-01 15:30:30,-4.156464,-1.7409006,-0.18977518
2015-01-01 15:31:30,-4.28363,-1.6750798,-0.104934335
2015-01-01 15:32:30,-4.2852135,-1.4539335,0.10441962
2015-01-01 15:33:30,-4.2083373,-1.5126098,0.13340221
2015-01-01 15:34:30,-4.238908,-1.572619,0.10142251
2015-01-01 15:35:30,-4.107609,-1.500901,0.11415549
2015-01-01 15:36:30,-4.09807,-1.4098105,0.20887795
2015-01-01 15:37:30,-4.0824037,-1.427262,0.18691583
2015-01-01 15:38:30,-4.0965886,-1.4805353,0.14830647
2015-01-01 15:39:30,-4.067939,-1.4377847,0.13065135
2015-01-01 15:40:30,-3.9723456,-1.5194204,-0.0628925
2015-01-01 15:41:30,-3.9056752,-1.6350644,-0.1310267
2015-01-01 15:42:30,-3.9974475,-1.4610205,0.0924164
2015-01-01 15:43:30,-4.040555,-1.294848,0.21290576
2015-01-01 15:44:30,-4.0623994,-1.1695269,0.2178041
2015-01-01 15:45:30,-3.944713,-1.5348576,0.057124466
2015-01-01 15:46:30,-4.006187,-1.6006497,0.010483432
2015-01-01 15:47:30,-4.0921006,-1.6612484,-0.0757282
2015-01-01 15:48:30,-4.1109095,-1.6962893,-0.07671136
2015-01-01 15:49:30,-3.9830074,-1.9463887,-0.3198194
2015-01-01 15:50:30,-3.9399054,-2.0625663,-0.50255716
2015-01-01 15:51:30,-3.948846,-2.01705,-0.48481575
2015-01-01 15:52:30,-4.034945,-1.8721578,-0.43074104
2015-01-01 15:53:30,-4.0299277,-1.8999928,-0.26888078
2015-01-01 15:54:30,-3.9262526,-2.1014497,-0.23319753
2015-01-01 15:55:30,-3.6819563,-2.3450365,-0.36401233
2015-01-01 15:56:30,-3.7670703,-2.3188035,-0.48627967
2015-01-01 15:57:30,-3.832113,-2.1853125,-0.5979722
2015-01-01 15:58:30,-3.7072687,-2.3439484,-0.32442597
2015-01-01 15:59:30,-3.6650639,-2.231956,-0.43688506
2015-01-01 16:00:30,-3.7490635,-2.2369783,-0.448692
2015-01-01 16:01:30,-3.805381,-2.0259423,-0.45494077
2015-01-01 16:02:30,-3.7039838,-2.274177,-0.37699303
2015-01-01 16:03:30,-4.0163083,-1.8273652,-0.6408558
2015-01-01 16:04:30,-4.4331617,-0.779875,-1.0462148
2015-01-01 16:05:30,-4.47382,-0.6823685,-1.1847697
2015-01-01 16:06:30,-4.400689,-1.0119162,-1.0837063
2015-01-01 16:07:30,-4.4045887,-1.0846921,-0.94394994
2015-01-01 16:08:30,-4.3213367,-1.177894,-1.0469916
2015-01-01 16:09:30,-4.237492,-1.4242755,-1.0588179
2015-01-01 16:10:30,-4.1264544,-1.6091963,-0.93036336
2015-01-01 16:11:30,-4.101288,-1.7957858,-1.0998479
2015-01-01 16:12:30,-4.183831,-1.8220481,-0.8349104
2015-01-01 16:13:30,-3.9961488,-1.7171503,-1.0453562
2015-01-01 16:14:30,-3.7642436,-1.7731054,-0.8647946
2015-01-01 16:15:30,-3.8124394,-1.6493104,-0.8118345
2015-01-01 16:16:30,-3.8821907,-1.6007357,-0.5348294
2015-01-01 16:17:30,-3.9291291,-1.5572348,-0.37106904
2015-01-01 16:18:30,-3.823517,-1.5963345,-0.09300238
2015-01-01 16:19:30,-3.9391086,-1.5985914,0.03890427
2015-01-01 16:20:30,-4.021883,-1.609839,-0.10433873
2015-01-01 16:21:30,-4.1010756,-1.3985682,0.1255683
2015-01-01 16:22:30,-4.0694323,-1.2951156,0.11310442
2015-01-01 16:23:30,-4.0722423,-1.3342687,0.0701544
2015-01-01 16:24:30,-3.9360158,-1.3500918,-0.010249306
2015-01-01 16:25:30,-3.942202,-1.4456652,-0.04982412
2015-01-01 16:26:30,-4.0429497,-1.5176919,-0.11487671
2015-01-01 16:27:30,-4.129098,-1.7517062,-0.24237294
2015-01-01 16:28:30,-4.186737,-1.7172924,-0.19858462
2015-01-01 16:29:30,-4.189175,-1.7416241,-0.21366543
2015-01-01 16:30:30,-4.0942087,-1.7939422,-0.27181965
2015-01-01 16:31:30,-4.0847297,-1.6744422,-0.23481064
2015-01-01 16:32:30,-4.0780506,-1.6688594,-0.26053837
2015-01-01 16:33:30,-4.09202,-1.7337363,-0.32797346
2015-01-01 16:34:30,-4.10359,-1.8343992,-0.2738285
2015-01-01 16:35:30,-3.903293,-1.6738602,-0.30628255
2015-01-01 16:36:30,-3.5756674,-2.0189,0.04769945
2015-01-01 16:37:30,-3.405526,-2.2760723,-0.046555378
2015-01-01 16:38:30,-3.6879086,-1.9485,-0.21569073
2015-01-01 16:39:30,-3.8261757,-1.8801091,-0.38513732
2015-01-01 16:40:30,-4.50613,-1.3843081,-1.0020746
2015-01-01 16:41:30,-4.4562807,-1.662332,-0.99377435
2015-01-01 16:42:30,-4.3687706,-2.121016,-0.81028765
2015-01-01 16:43:30,-4.2322903,-2.409565,-0.8022684
2015-01-01 16:44:30,-4.2666645,-2.4158185,-0.8061871
2015-01-01 16:45:30,-4.2697387,-2.495685,-0.71980715
2015-01-01 16:46:30,-4.313799,-2.3981307,-0.348359
2015-01-01 16:47:30,-4.373998,-1.9370228,0.43897527
2015-01-01 16:48:30,-4.206118,-2.4804437,-0.4022813
2015-01-01 16:49:30,-4.0209475,-2.3354423,-0.70092475
2015-01-01 16:50:30,-4.1874504,-2.380335,-0.7521104
2015-01-01 16:51:30,-4.352595,-2.2409375,-1.1067816
2015-01-01 16:52:30,-4.335404,-2.2135723,-1.1882546
2015-01-01 16:53:30,-4.366904,-2.1234338,-1.0867814
2015-01-01 16:54:30,-4.4195995,-2.120029,-1.0210532
2015-01-01 16:55:30,-4.3286295,-2.200346,-0.9917785
2015-01-01 16:56:30,-4.382549,-2.1378608,-1.2989855
2015-01-01 16:57:30,-4.365418,-2.1474671,-1.2814561
2015-01-01 16:58:30,-4.3565664,-2.0527081,-1.4014355
2015-01-01 16:59:30,-4.374346,-2.1572936,-1.4179575
2015-01-01 17:00:30,-4.359512,-2.0840883,-1.5682675
2015-01-01 17:01:30,-4.3721166,-1.9994824,-1.5762712
2015-01-01 17:02:30,-4.365632,-1.9509075,-1.5395586
2015-01-01 17:03:30,-4.5132523,-1.9335355,-1.2260323
2015-01-01 17:04:30,-4.468203,-2.0557578,-1.1783541
2015-01-01 17:05:30,-4.4502006,-2.234107,-1.1984481
2015-01-01 17:06:30,-4.447727,-2.3059292,-1.2718962
2015-01-01 17:07:30,-4.459789,-2.130252,-1.3890015
2015-01-01 17:08:30,-4.4742913,-2.1765265,-1.492022
2015-01-01 17:09:30,-4.300905,-1.731465,-1.5473089
2015-01-01 17:10:30,-4.2986016,-1.7086059,-1.6717104
2015-01-01 17:11:30,-4.355715,-1.9752654,-1.6355422
2015-01-01 17:12:30,-4.385011,-2.2540617,-1.655575
2015-01-01 17:13:30,-4.576115,-2.0133524,-1.6840433
2015-01-01 17:14:30,-4.5703382,-2.0688329,-1.776097
2015-01-01 17:15:30,-4.6313844,-1.9306092,-1.6700687
2015-01-01 17:16:30,-4.3836017,-1.927016,-1.773898
2015-01-01 17:17:30,-4.434524,-1.91303,-1.8837367
2015-01-01 17:18:30,-4.431436,-1.9214419,-1.8566642
2015-01-01 17:19:30,-4.419923,-1.8892812,-1.8271439
2015-01-01 17:20:30,-4.5161295,-1.7954161,-1.2599012
2015-01-01 17:21:30,-4.4063554,-1.7329096,-0.17012836
2015-01-01 17:22:30,-4.476041,-1.623245,-0.05291182
2015-01-01 17:23:30,-4.5568967,-1.6736462,-0.21349251
2015-01-01 17:24:30,-4.571389,-1.6675652,-0.21094133
2015-01-01 17:25:30,-4.5874953,-1.6689728,-0.2447547
2015-01-01 17:26:30,-4.5277085,-1.6054844,-0.2973712
2015-01-01 17:27:30,-4.455347,-1.6834838,-0.25081813
2015-01-01 17:28:30,-4.4583764,-1.7527834,-0.025545357
2015-01-01 17:29:30,-4.5883465,-1.8810807,0.025234442
2015-01-01 17:30:30,-4.6233644,-1.9836335,0.029108018
2015-01-01 17:31:30,-4.4723644,-1.8680049,-0.013512286
2015-01-01 17:32:30,-4.5971274,-2.0282278,-0.3649792
2015-01-01 17:33:30,-4.734987,-2.0992086,-0.026754064
2015-01-01 17:34:30,-4.7622232,-2.1343858,-0.24832642
2015-01-01 17:35:30,-4.689338,-2.0176432,-0.33001155
2015-01-01 17:36:30,-4.6430836,-2.0635517,-0.51101476
2015-01-01 17:37:30,-4.48817,-2.07277,-0.5523103
2015-01-01 17:38:30,-4.450757,-1.9411373,-0.95744103
2015-01-01 17:39:30,-4.3353143,-1.9822035,-1.0895642
2015-01-01 17:40:30,-4.3759336,-2.0696733,-1.0077668
2015-01-01 17:41:30,-4.0360875,-2.028646,-1.2392919
2015-01-01 17:42:30,-3.6400409,-1.7863413,-1.7312485
2015-01-01 17:43:30,-3.732584,-1.8470193,-1.6544619
2015-01-01 17:44:30,-3.8347707,-1.823534,-1.6330147
2015-01-01 17:45:30,-3.8688636,-1.879964,-1.5481206
2015-01-01 17:46:30,-3.905973,-2.0406716,-1.5438015
2015-01-01 17:47:30,-3.9699984,-2.1408887,-1.526171
2015-01-01 17:48:30,-3.924721,-2.2560565,-1.4672747
2015-01-01 17:49:30,-3.9368353,-2.0216641,-1.5172915
2015-01-01 17:50:30,-3.8889508,-1.9704183,-1.6060822
2015-01-01 17:51:30,-3.7191603,-2.0677965,-1.5448424
2015-01-01 17:52:30,-3.761463,-1.9813663,-1.4561076
2015-01-01 17:53:30,-3.7265518,-1.8996316,-1.482115
2015-01-01 17:54:30,-4.0137396,-2.0660894,-1.4977058
2015-01-01 17:55:30,-4.0536933,-2.0962877,-1.2986699
2015-01-01 17:56:30,-4.1200914,-1.6869491,-1.6848978
2015-01-01 17:57:30,-4.0490375,-1.7671129,-1.6413454
2015-01-01 17:58:30,-4.160475,-1.9179114,-1.6804672
2015-01-01 17:59:30,-4.2445345,-1.8907872,-1.4751637
2015-01-01 18:00:30,-4.4222584,-1.7758462,-1.4361143
2015-01-01 18:01:30,-4.1317587,-2.2046964,-0.9321666
2015-01-01 18:02:30,-3.816965,-1.7680918,-1.3263894
2015-01-01 18:03:30,-3.3404713,-1.3479445,-1.9131227
2015-01-01 18:04:30,-3.4915762,-1.3814135,-1.6383574
2015-01-01 18:05:30,-3.4700246,-1.3959205,-1.6424458
2015-01-01 18:06:30,-3.4637895,-1.2827346,-1.7464337
2015-01-01 18:07:30,-3.5512788,-1.1142546,-2.0716836
2015-01-01 18:08:30,-3.3704479,-1.0834428,-2.4841697
2015-01-01 18:09:30,-3.177215,-1.2302126,-2.5768864
2015-01-01 18:10:30,-3.1978695,-1.4907267,-2.5949821
2015-01-01 18:11:30,-3.1471665,-1.4656788,-2.7993171
2015-01-01 18:12:30,-3.130825,-1.3024853,-2.771739
2015-01-01 18:13:30,-1.0047637,-2.7181435,1.9601868
2015-01-01 18:14:30,-1.1095793,-3.437449,2.5622334
2015-01-01 18:15:30,-1.4824744,-3.676035,2.0372014
2015-01-01 18:16:30,-1.59706,-3.4553227,1.9434981
2015-01-01 18:17:30,-1.6699138,-3.1428268,1.0545604
2015-01-01 18:18:30,-1.0637819,-2.6954756,1.8036888
2015-01-01 18:19:30,-1.6434001,-2.6205559,1.2163942
2015-01-01 18:20:30,-1.5347493,-2.4932086,1.4171914
2015-01-01 18:21:30,-1.4182302,-2.3596394,1.3148729
2015-01-01 18:22:30,-1.9919773,-2.254177,0.9927764
2015-01-01 18:23:30,-1.4587712,-2.5674727,0.72475666
2015-01-01 18:24:30,-1.9870733,-2.539351,0.75554824
2015-01-01 18:25:30,-2.324158,-2.7120879,0.734755
2015-01-01 18:26:30,-2.277035,-2.7081673,0.6929174
2015-01-01 18:27:30,-2.2521405,-2.6339128,0.33897427
2015-01-01 18:28:30,-2.457898,-2.6780398,0.3266534
2015-01-01 18:29:30,-2.2915967,-2.6691008,0.72225446
2015-01-01 18:30:30,-2.3760345,-2.6655078,0.82373345
2015-01-01 18:31:30,-2.6491435,-2.6965985,0.18620826
2015-01-01 18:32:30,-2.2118287,-2.2650592,-1.5853468
2015-01-01 18:33:30,-1.9313055,-2.335745,-1.7297645
2015-01-01 18:34:30,-1.9133683,-2.1386466,-1.8106589
2015-01-01 18:35:30,-2.0926187,-2.2384565,-1.5587236
2015-01-01 18:36:30,-2.3301604,-2.2616255,-1.5169289
2015-01-01 18:37:30,-2.4289455,-2.2349558,-1.5024284
2015-01-01 18:38:30,-2.335221,-2.2106187,-1.562149
2015-01-01 18:39:30,-2.0836322,-2.061657,-1.5946349
2015-01-01 18:40:30,-1.9057276,-2.0335882,-1.4864442
2015-01-01 18:41:30,-1.8764898,-1.9144598,-1.7606763
2015-01-01 18:42:30,-1.4356929,-2.599822,-1.2358854
2015-01-01 18:43:30,-1.3455522,-2.6715984,-1.3699659
2015-01-01 18:44:30,-1.1783793,-2.6679873,-1.5609634
2015-01-01 18:45:30,-1.3231475,-2.490904,-1.6797009
2015-01-01 18:46:30,-1.5094163,-2.7577713,-1.6552266
2015-01-01 18:47:30,-1.6239871,-2.6079514,-1.6549637
2015-01-01 18:48:30,-1.6843513,-2.3411157,-2.0620842
2015-01-01 18:49:30,-1.9005435,-2.2327912,-2.0663095
2015-01-01 18:50:30,-1.577599,-2.6037214,-1.8065075
2015-01-01 18:51:30,-1.6263858,-2.4671516,-1.9285504
2015-01-01 18:52:30,,,
2015-01-01 18:53:30,-0.48853448,-0.4553155,-1.9660075
2015-01-01 18:54:30,-0.05467093,-0.49199978,-1.0904834
2015-01-01 18:55:30,0.07163078,-0.4697162,-1.1519164
2015-01-01 18:56:30,0.06899102,-0.5937517,-1.1460255
2015-01-01 18:57:30,-0.12553367,-0.8328881,-1.5274824
2015-01-01 18:58:30,-0.26653957,-1.1542287,-2.115183
2015-01-01 18:59:30,-0.10853321,-1.5271113,-1.9765902
2015-01-01 19:00:30,-0.023850383,-1.6354436,-2.547815
2015-01-01 19:01:30,0.087060004,-1.9519191,-2.826539
2015-01-01 19:02:30,0.7401958,-2.3320098,-2.3692365
2015-01-01 19:03:30,1.2590194,-2.8508444,-1.7862192
2015-01-01 19:04:30,0.79982513,-2.371503,-2.5557659
2015-01-01 19:05:30,1.5435859,-2.2756886,-2.094318
2015-01-01 19:06:30,1.7094437,-2.294032,-2.0760481
2015-01-01 19:07:30,1.7941762,-2.1472306,-2.188717
2015-01-01 19:08:30,1.6194205,-2.080679,-2.3964515
2015-01-01 19:09:30,1.7190408,-2.097761,-2.3812168
2015-01-01 19:10:30,1.4125042,-2.4333827,-2.4871466
2015-01-01 19:11:30,1.6022096,-2.5592747,-2.5797176
2015-01-01 19:12:30,1.7786208,-2.379535,-2.6463313
2015-01-01 19:13:30,1.7212955,-2.252297,-2.8669946
2015-01-01 19:14:30,1.2194834,-1.6538993,-3.148355
2015-01-01 19:15:30,0.7519735,-1.403191,-3.5955873
2015-01-01 19:16:30,1.1269795,-1.8154855,-3.543878
2015-01-01 19:17:30,1.169502,-1.8890699,-3.4550846
2015-01-01 19:18:30,1.0478829,-2.2951174,-3.32069
2015-01-01 19:19:30,1.2182761,-2.7665598,-2.8705611
2015-01-01 19:20:30,1.2993944,-2.4890816,-3.0952604
2015-01-01 19:21:30,1.29248,-2.4561517,-3.1995227
2015-01-01 19:22:30,0.88373464,-1.7877672,-3.4629076
2015-01-01 19:23:30,1.2266802,-1.9779078,-3.3302484
2015-01-01 19:24:30,1.1691728,-2.0304034,-3.5048132
2015-01-01 19:25:30,1.945073,-2.5662203,-3.2468693
2015-01-01 19:26:30,2.0901172,-2.5851805,-3.3339777
2015-01-01 19:27:30,2.4055486,-2.4562309,-3.382597
2015-01-01 19:28:30,2.526604,-2.586049,-3.5022843
2015-01-01 19:29:30,2.7547612,-2.453698,-3.6189325
2015-01-01 19:30:30,2.5762227,-2.4477482,-3.579033
2015-01-01 19:31:30,2.8195534,-2.4861314,-3.7326143
2015-01-01 19:32:30,3.1175003,-2.4821734,-3.9388244
2015-01-01 19:33:30,2.554758,-4.690879,0.61074
2015-01-01 19:34:30,2.338424,-5.1060076,1.8066238
2015-01-01 19:35:30,2.1631298,-5.2112403,1.7056998
2015-01-01 19:36:30,2.592482,-5.192314,1.1464565
2015-01-01 19:37:30,2.4744215,-4.935619,1.0593908
2015-01-01 19:38:30,2.102772,-4.571389,0.93709874
2015-01-01 19:39:30,2.561215,-4.6805344,1.8471354
2015-01-01 19:40:30,2.6204143,-4.4101515,2.3199883
2015-01-01 19:41:30,2.1617792,-4.763299,1.7963383
2015-01-01 19:42:30,1.9675535,-4.7664027,1.4104933
2015-01-01 19:43:30,1.8784727,-4.5953407,1.4034997
2015-01-01 19:44:30,2.238522,-4.2936687,1.6903251
2015-01-01 19:45:30,2.561668,-4.1227617,1.8573287
2015-01-01 19:46:30,2.5385375,-4.081828,1.943687
2015-01-01 19:47:30,2.305358,-4.109709,1.9663386
2015-01-01 19:48:30,1.8383402,-4.185261,2.1251276
2015-01-01 19:49:30,1.4148784,-3.263703,2.2139263
2015-01-01 19:50:30,2.2275968,-3.5407295,0.9087181
2015-01-01 19:51:30,2.3361723,-3.537778,0.8614687
2015-01-01 19:52:30,2.7032688,-3.5323584,0.82431054
2015-01-01 19:53:30,2.2204998,-3.3887732,1.7128025
2015-01-01 19:54:30,2.7180536,-2.9682884,2.0990915
2015-01-01 19:55:30,2.1338322,-3.2439892,1.9311379
2015-01-01 19:56:30,2.1832092,-2.8820312,2.5755293
2015-01-01 19:57:30,2.1428268,-3.3106515,2.3771596
2015-01-01 19:58:30,2.2568634,-3.1162677,2.3198197
2015-01-01 19:59:30,2.6236691,-3.183201,2.2416778
2015-01-01 20:00:30,2.430155,-2.957336,2.180549
2015-01-01 20:01:30,2.7817025,-2.8090892,1.9885049
2015-01-01 20:02:30,2.429902,-2.8486037,2.3505397
2015-01-01 20:03:30,2.2550108,-1.3630354,3.4398181
2015-01-01 20:04:30,2.1557,-2.4978144,2.8320463
2015-01-01 20:05:30,2.1677992,-1.8395052,3.0902545
2015-01-01 20:06:30,2.0541573,-1.6382909,2.6874557
2015-01-01 20:07:30,2.5373316,-1.5942869,-0.040723212
2015-01-01 20:08:30,1.2203065,0.18532005,-3.1550148
2015-01-01 20:09:30,1.2873201,0.35293034,-3.379517
2015-01-01 20:10:30,0.84625906,0.6276268,-3.73718
2015-01-01 20:11:30,0.81259537,0.65192944,-3.8141866
2015-01-01 20:12:30,1.9620466,-0.24473432,-3.7349806
2015-01-01 20:13:30,2.0190089,-0.058461707,-3.595199
2015-01-01 20:14:30,2.215482,-0.32058847,-3.3611434
2015-01-01 20:15:30,2.4371622,-0.28253046,-2.8357801
2015-01-01 20:16:30,2.417029,-0.1395959,-2.575808
2015-01-01 20:17:30,2.3326728,-0.14650308,-2.337938
2015-01-01 20:18:30,1.940281,-0.47788182,-2.2200456
2015-01-01 20:19:30,1.5201449,0.44115582,-2.720041
2015-01-01 20:20:30,1.4328732,1.0067799,-2.9025815
2015-01-01 20:21:30,1.4372627,1.086936,-3.168697
2015-01-01 20:22:30,1.662013,1.2945392,-2.672843
2015-01-01 20:23:30,2.0493016,0.9683056,-2.1699798
2015-01-01 20:24:30,2.3008082,1.0934263,-2.0940173
2015-01-01 20:25:30,3.1212907,0.6552467,-1.4033676
2015-01-01 20:26:30,3.6381986,-0.21770829,0.2373659
2015-01-01 20:27:30,3.6617892,0.29476,1.2239949
2015-01-01 20:28:30,3.8002546,0.37759468,1.705698
2015-01-01 20:29:30,3.7473,0.7554216,1.7821376
2015-01-01 20:30:30,3.3052392,-0.95773786,0.49432284
2015-01-01 20:31:30,2.6048715,-1.0251449,0.24095026
2015-01-01 20:32:30,2.5747156,-1.8835568,-0.65852505
2015-01-01 20:33:30,2.1048167,-1.821013,-1.6910534
2015-01-01 20:34:30,-0.8673689,-1.8566875,-3.4732769
2015-01-01 20:35:30,-0.7892338,-1.9474763,-3.432825
2015-01-01 20:36:30,-0.1726477,-2.267653,-3.1950428
2015-01-01 20:37:30,-0.5311999,-2.162104,-3.2247891
2015-01-01 20:38:30,-0.6649951,-2.1005955,-3.1466827
2015-01-01 20:39:30,-0.5722999,-2.0929186,-3.1970625
2015-01-01 20:40:30,-0.6055078,-2.0477362,-3.3793907
2015-01-01 20:41:30,-0.4073915,-2.041045,-3.3551633
2015-01-01 20:42:30,-0.26524583,-2.1737173,-3.5728025
2015-01-01 20:43:30,-0.30096054,-2.1389203,-3.436595
2015-01-01 20:44:30,-0.5302002,-2.0685463,-3.3481064
2015-01-01 20:45:30,-1.25953,-1.578854,-3.5171359
2015-01-01 20:46:30,-1.478303,-1.6615297,-3.5380573
2015-01-01 20:47:30,-1.3953644,-1.8494289,-3.4608655
2015-01-01 20:48:30,-1.6033471,-1.8688166,-3.401834
2015-01-01 20:49:30,-1.2976443,-1.8910779,-3.529503
2015-01-01 20:50:30,-1.1437668,-1.9112236,-3.538767
2015-01-01 20:51:30,-0.73512757,-2.0591602,-3.4768133
2015-01-01 20:52:30,-0.6066488,-2.0054884,-3.50089
2015-01-01 20:53:30,-0.73879683,-1.9150057,-3.421896
2015-01-01 20:54:30,-0.19165933,-1.8782167,-3.336961
2015-01-01 20:55:30,-0.3358204,-1.3847401,-3.2363071
2015-01-01 20:56:30,-0.38827887,-1.4640224,-3.5847287
2015-01-01 20:57:30,-0.6281574,-1.4571637,-3.655215
2015-01-01 20:58:30,-0.91871613,-1.4172997,-3.6758397
2015-01-01 20:59:30,-0.83536035,-1.4379148,-3.755045
2015-01-01 21:00:30,-0.9169443,-1.4535192,-3.7713559
2015-01-01 21:01:30,-1.0382234,-1.4179047,-3.6831465
2015-01-01 21:02:30,-0.8836836,-1.4455838,-3.6459835
2015-01-01 21:03:30,-0.78850484,-1.3767352,-3.587841
2015-01-01 21:04:30,-1.092249,-1.6595957,-3.5135827
2015-01-01 21:05:30,-1.2405757,-1.5865844,-3.3118885
2015-01-01 21:06:30,-1.0927974,-1.6103197,-2.9560578
2015-01-01 21:07:30,-0.90290695,-1.691924,-3.1911938
2015-01-01 21:08:30,-1.0407573,-1.4756572,-3.3797169
2015-01-01 21:09:30,-1.0409908,-1.7067327,-3.1984615
2015-01-01 21:10:30,-1.10602,-1.9976782,-2.823902
2015-01-01 21:11:30,-1.1871102,-2.031502,-2.6493251
2015-01-01 21:12:30,-1.1805136,-2.2460816,-2.6089034
2015-01-01 21:13:30,-1.2133509,-1.9762206,-2.770414
2015-01-01 21:14:30,-1.057973,-1.8854027,-3.090266
2015-01-01 21:15:30,-0.83758986,-1.2502533,-3.2275934
2015-01-01 21:16:30,-0.99902606,-1.1358656,-3.3718364
2015-01-01 21:17:30,-1.115686,-1.3169078,-3.2868402
2015-01-01 21:18:30,-1.3650546,-1.5619712,-3.3315268
2015-01-01 21:19:30,-1.296062,-1.77841,-3.3751361
2015-01-01 21:20:30,-1.6413078,-1.4805382,-3.3623798
2015-01-01 21:21:30,-2.0191548,-1.6161704,-3.2855287
2015-01-01 21:22:30,-1.9370841,-1.4936839,-3.4537742
2015-01-01 21:23:30,-1.6540322,-2.1064196,-3.18846
2015-01-01 21:24:30,-1.347988,-0.57882434,-4.0274167
2015-01-01 21:25:30,-1.3875122,-0.009825779,-4.0881586
2015-01-01 21:26:30,-1.2582194,0.15088853,-3.994603
2015-01-01 21:27:30,-0.99613786,0.50770974,-3.897747
2015-01-01 21:28:30,-1.0888493,0.19561437,-3.9229712
2015-01-01 21:29:30,-1.1869495,-0.0830583,-3.944654
2015-01-01 21:30:30,-1.2248778,0.16610391,-3.8607063
2015-01-01 21:31:30,-1.1730475,-0.13063128,-4.024173
2015-01-01 21:32:30,-1.4137255,-1.0771124,-3.8418846
2015-01-01 21:33:30,-1.4018577,-1.1671559,-3.8775082
2015-01-01 21:34:30,-1.4649688,-0.6230757,-3.9405305
2015-01-01 21:35:30,-1.4897493,-1.0120143,-3.8601968
2015-01-01 21:36:30,-1.3033715,-1.3111333,-3.6988416
2015-01-01 21:37:30,-1.2716912,-0.49457818,-3.8295584
2015-01-01 21:38:30,-1.6790149,-0.984163,-3.401926
2015-01-01 21:39:30,-1.9268663,-0.7077903,-3.361812
2015-01-01 21:40:30,-1.9072288,-1.0295953,-3.1252236
2015-01-01 21:41:30,-1.9986868,-0.8318293,-3.0692692
2015-01-01 21:42:30,-2.1414058,-0.4023478,-2.8402612
2015-01-01 21:43:30,-1.9058721,-0.7497921,-2.9316633
2015-01-01 21:44:30,-1.1870623,-1.1643755,-3.0782747
2015-01-01 21:45:30,-1.5015194,-1.6078818,-2.5611966
2015-01-01 21:46:30,-0.82296276,-2.1791916,-1.6368532
2015-01-01 21:47:30,-0.79623353,-2.0455954,-1.7089558
2015-01-01 21:48:30,-0.9198623,-1.8633841,-1.9223752
2015-01-01 21:49:30,-1.0651475,-0.9305239,-2.819305
2015-01-01 21:50:30,-2.1679113,0.34014425,-3.0530915
2015-01-01 21:51:30,-2.3763382,-0.24794114,-2.9396229
2015-01-01 21:52:30,-2.5087526,-0.8086425,-2.392535
2015-01-01 21:53:30,-2.568484,-0.21541972,-2.8530436
2015-01-01 21:54:30,-2.5017152,-0.30512655,-2.841864
2015-01-01 21:55:30,-2.4767177,-0.4560259,-2.8312862
2015-01-01 21:56:30,-2.3044283,-0.2226372,-3.0081327
2015-01-01 21:57:30,-2.3018026,-0.038236175,-3.216272
2015-01-01 21:58:30,-2.4377437,-0.27226996,-3.3588178
2015-01-01 21:59:30,-2.2991486,-0.8705763,-3.440047
2015-01-01 22:00:30,-1.9928949,-1.0662014,-3.572555
2015-01-01 22:01:30,-2.0647428,-1.1485206,-3.536562
2015-01-01 22:02:30,-2.224887,-0.786979,-3.5313797
2015-01-01 22:03:30,-2.1637306,-0.713623,-3.607719
2015-01-01 22:04:30,-2.2150378,-1.298146,-3.4091504
2015-01-01 22:05:30,-1.9583145,-1.1770495,-3.522602
2015-01-01 22:06:30,-1.8312644,-1.1647446,-3.6402493
2015-01-01 22:07:30,-1.7613978,-1.1598109,-3.6441376
2015-01-01 22:08:30,-1.8453802,-1.3027245,-3.5319366
2015-01-01 22:09:30,-1.8809108,-1.4088893,-3.4850955
2015-01-01 22:10:30,-1.9772656,-1.2377254,-3.5150473
2015-01-01 22:11:30,-2.0095034,-1.347982,-3.4082954
2015-01-01 22:12:30,-1.1247178,0.020036813,-3.6507845
2015-01-01 22:13:30,-1.6904187,-1.7397012,-3.29052
2015-01-01 22:14:30,-1.5667126,-1.6837487,-3.2454305
2015-01-01 22:15:30,-1.5930976,-1.5473142,-3.1623232
2015-01-01 22:16:30,-1.5305488,-1.590438,-3.2533593
2015-01-01 22:17:30,0.38636103,0.8096035,-3.757106
2015-01-01 22:18:30,-0.82515156,-0.6945587,-3.433883
2015-01-01 22:19:30,-1.7786918,-1.6142663,-3.1110117
2015-01-01 22:20:30,-1.6950325,-1.6323392,-3.2148957
2015-01-01 22:21:30,-1.871724,-1.6672925,-3.2324538
2015-01-01 22:22:30,-1.9558607,-2.2510324,-2.9450388
2015-01-01 22:23:30,-1.0828068,-1.9391099,-3.7394547
2015-01-01 22:24:30,-1.3733753,-0.7982951,-3.5715992
2015-01-01 22:25:30,-1.3919554,-1.1734017,-3.8488622
2015-01-01 22:26:30,-1.576987,-1.8033065,-3.6397042
2015-01-01 22:27:30,-1.3523676,-1.8313893,-3.6815798
2015-01-01 22:28:30,-1.6325235,-1.3819985,-3.6940243
2015-01-01 22:29:30,-1.9589959,-1.2065467,-3.8441641
2015-01-01 22:30:30,-1.9924996,-1.3221134,-3.870637
2015-01-01 22:31:30,-2.0190814,-1.3719778,-3.862732
2015-01-01 22:32:30,-1.9752158,-1.6162567,-3.7871726
2015-01-01 22:33:30,-2.2476134,-1.2120613,-3.6139045
2015-01-01 22:34:30,-2.5975647,-0.46565238,-3.1267598
2015-01-01 22:35:30,-2.6055346,-0.020115392,-2.9769192
2015-01-01 22:36:30,-1.0003005,-1.8990673,-3.5253892
2015-01-01 22:37:30,-0.47783932,-2.3918593,-3.7253797
2015-01-01 22:38:30,-0.22236192,-2.4129171,-3.689305
2015-01-01 22:39:30,0.39012396,-2.8216271,-3.4088461
2015-01-01 22:40:30,0.3726023,-2.8994386,-3.3522313
2015-01-01 22:41:30,-0.012407849,-2.687952,-3.3896153
2015-01-01 22:42:30,-0.5693955,-2.101885,-3.7596834
2015-01-01 22:43:30,-1.0682522,-1.9434794,-3.757753
2015-01-01 22:44:30,-1.1266881,-1.933721,-3.8790102
2015-01-01 22:45:30,-1.1604443,-2.2664332,-3.7834375
2015-01-01 22:46:30,-1.5583109,-2.5135365,-3.5277789
2015-01-01 22:47:30,-2.0479133,-1.357402,-3.5384808
2015-01-01 22:48:30,-1.7371577,-1.5006251,-3.701768
2015-01-01 22:49:30,-1.5689031,-1.5293832,-3.692056
2015-01-01 22:50:30,-1.5932183,-1.7135891,-3.577786
2015-01-01 22:51:30,-1.684415,-1.8563675,-3.4234595
2015-01-01 22:52:30,-1.8226194,-1.9574019,-3.4463336
2015-01-01 22:53:30,-1.8448013,-2.4197154,-3.0101242
2015-01-01 22:54:30,-1.3713459,-2.280213,-3.309004
2015-01-01 22:55:30,-0.88569194,-1.7163227,-3.9067435
2015-01-01 22:56:30,-0.99000543,-1.5512398,-3.876107
2015-01-01 22:57:30,-0.92313576,-0.97329336,-3.9886389
2015-01-01 22:58:30,-1.072529,-0.993403,-3.8858693
2015-01-01 22:59:30,-1.3048056,-1.8656169,-3.6622405
2015-01-01 23:00:30,-1.2906379,-1.9915137,-3.4697363
2015-01-01 23:01:30,-1.1961538,-1.6932322,-3.5760071
2015-01-01 23:02:30,0.20598033,-2.599773,-2.606847
2015-01-01 23:03:30,0.84123063,-2.8702826,-2.6321654
2015-01-01 23:04:30,0.64080256,-3.0533607,-2.4542809
2015-01-01 23:05:30,0.63660514,-3.0448568,-2.6196449
2015-01-01 23:06:30,0.6637998,-3.035615,-2.5266438
2015-01-01 23:07:30,0.6835637,-3.1096325,-2.3941379
2015-01-01 23:08:30,0.71877015,-3.0390446,-2.2832005
2015-01-01 23:09:30,0.9745045,-3.1620097,-1.7749088
2015-01-01 23:10:30,-0.56672025,-2.2232409,-3.0419655
2015-01-01 23:11:30,-1.0833982,-2.0486367,-2.9139996
2015-01-01 23:12:30,-0.92596704,-2.0674748,-2.8778586
2015-01-01 23:13:30,-0.5845644,-2.2872026,-2.87897
2015-01-01 23:14:30,-0.53150207,-1.6610554,-3.181988
2015-01-01 23:15:30,-0.6512742,-1.8999858,-3.083062
2015-01-01 23:16:30,-0.3330871,-0.6678375,-3.574216
2015-01-01 23:17:30,0.08435542,-1.4457098,-2.7598875
2015-01-01 23:18:30,0.5049794,-2.8612077,-2.3795764
2015-01-01 23:19:30,1.3494905,-2.8333137,-2.3300362
2015-01-01 23:20:30,0.84425783,-2.0700324,-2.9433367
2015-01-01 23:21:30,0.57252854,-2.413911,-2.8341346
2015-01-01 23:22:30,0.751063,-2.6518755,-2.5286477
2015-01-01 23:23:30,1.1350316,-2.2411535,-2.68748
2015-01-01 23:24:30,1.7235066,-2.4746284,-2.176417
2015-01-01 23:25:30,1.6402853,-2.8289568,-1.7358499
2015-01-01 23:26:30,1.824738,-2.9041095,-1.4061687
2015-01-01 23:27:30,2.0353894,-2.6117866,-1.50091
2015-01-01 23:28:30,2.1579242,-2.5135517,-1.3724114
2015-01-01 23:29:30,2.3029945,-2.286817,-1.169205
2015-01-01 23:30:30,2.4989543,-2.234944,-1.0094432
2015-01-01 23:31:30,2.4253576,-2.3733304,-1.2648734
2015-01-01 23:32:30,3.1521552,-2.1845593,-0.48051813
2015-01-01 23:33:30,3.2065744,-2.3678522,-0.3921602
2015-01-01 23:34:30,3.0050743,-2.5751002,-0.5878007
2015-01-01 23:35:30,3.1037076,-2.3902938,-0.20165712
2015-01-01 23:36:30,2.9454398,-2.2568817,-0.25659266
2015-01-01 23:37:30,2.764032,-2.1432378,-0.19685629
2015-01-01 23:38:30,2.7134764,-1.9475291,0.031596895
2015-01-01 23:39:30,0.48650134,-2.1917222,-1.5440297
2015-01-01 23:40:30,-2.0758908,-1.0575327,-2.5236278
2015-01-01 23:41:30,-2.5974581,-0.88484514,-2.3569229
2015-01-01 23:42:30,-2.8331985,-0.5876775,-2.4386532
2015-01-01 23:43:30,-2.9694214,-0.63629705,-2.4675736
2015-01-01 23:44:30,-3.0350945,-0.54256797,-2.5805728
2015-01-01 23:45:30,-3.447603,-0.3566173,-2.3469417
2015-01-01 23:46:30,-3.6484957,-0.37571055,-2.3156943
2015-01-01 23:47:30,-3.401219,-0.31452447,-2.2622926
2015-01-01 23:48:30,-3.0641634,-0.89856815,-2.9180791
2015-01-01 23:49:30,-3.021534,-1.0006368,-3.0399916
2015-01-01 23:50:30,-2.9330578,-0.26999256,-3.3415134
2015-01-01 23:51:30,-3.323388,-0.66097975,-2.8098688
2015-01-01 23:52:30,-3.3642938,-0.39364952,-2.7858484
2015-01-01 23:53:30,-3.465422,-0.32983676,-2.8160489
2015-01-01 23:54:30,-3.57013,0.07291778,-2.7526
2015-01-01 23:55:30,-3.6657572,-0.046853125,-3.022746
2015-01-01 23:56:30,-3.6560094,0.461505,-3.0998232
2015-01-01 23:57:30,-3.576712,0.8142721,-3.1986644
2015-01-01 23:58:30,-3.6034896,0.791473,-2.8745081
2015-01-01 23:59:30,-3.554449,1.1261362,-2.708536
