Epoch,Density,ThermalSpeed,Vx,Vy,Vz
2015-01-01 00:00:13.908,,,,,
2015-01-01 00:03:42.907,4.1071205,53.083214,-562.50775,-9.806847,-21.176401
2015-01-01 00:05:14.752,3.9456682,43.08833,-574.88837,9.020359,-29.904121
2015-01-01 00:06:53.411,3.9150128,43.351715,-573.8277,8.816853,-32.18454
2015-01-01 00:08:32.788,4.1677437,40.551186,-562.75916,16.944466,-32.119934
2015-01-01 00:10:12.165,4.0228977,45.076885,-567.20123,-28.678234,5.4525695
2015-01-01 00:11:50.106,4.260244,38.69762,-562.50085,0.36087608,-29.9724
2015-01-01 00:13:29.483,4.1354814,48.917534,-563.7109,5.105423,-12.778774
2015-01-01 00:15:07.424,4.170037,38.27394,-561.54645,36.170628,-32.43805
2015-01-01 00:16:46.801,4.046961,53.524055,-583.7041,29.655418,-34.353233
2015-01-01 00:18:45.640,3.953957,58.170048,-589.2729,23.917263,-28.34066
2015-01-01 00:20:01.000,4.729059,43.76564,-590.6216,19.67067,-36.87295
2015-01-01 00:21:42.060,5.7552958,32.144833,-590.65186,13.358772,-39.601936
2015-01-01 00:23:21.402,4.2048373,47.30807,-584.22,16.674927,-30.16662
2015-01-01 00:25:00.061,4.193293,48.946533,-582.7944,11.589676,-28.98767
2015-01-01 00:26:38.720,4.077856,50.033813,-582.92535,8.254425,-27.698168
2015-01-01 00:28:17.378,4.3213053,44.96202,-586.63586,18.62286,-31.45633
2015-01-01 00:29:56.038,4.2047334,46.041424,-586.8497,17.19027,-33.78407
2015-01-01 00:31:34.697,4.223087,45.81677,-586.6068,18.094261,-34.532276
2015-01-01 00:33:16.439,4.0601997,45.57382,-584.2345,18.220947,-29.604324
2015-01-01 00:35:13.595,3.8378754,54.793922,-580.95264,20.281517,-32.182747
2015-01-01 00:36:30.674,4.1452937,48.042065,-585.8104,17.496525,-33.19297
2015-01-01 00:38:12.416,3.9089801,46.33132,-584.59534,14.22765,-29.624754
2015-01-01 00:39:47.991,3.9857068,46.341923,-585.02246,11.77565,-28.530693
2015-01-01 00:41:26.650,3.7295125,45.11964,-584.54895,20.313915,-23.51107
2015-01-01 00:43:05.310,3.6710408,46.027733,-583.78687,18.453106,-27.264702
2015-01-01 00:44:43.968,3.629391,45.154182,-583.53174,17.81282,-25.602768
2015-01-01 00:46:19.544,3.5864332,46.38567,-582.37085,12.701118,-23.850458
2015-01-01 00:47:58.204,3.6486368,46.503098,-583.4872,14.966366,-23.735601
2015-01-01 00:49:36.863,3.4991746,46.75801,-584.1088,12.2144165,-24.53141
2015-01-01 00:51:34.020,3.3477435,54.290195,-580.52747,19.1898,-25.293482
2015-01-01 00:52:54.181,3.5229468,47.448185,-582.89746,10.042545,-20.980698
2015-01-01 00:54:29.757,3.5815358,45.745697,-584.8342,15.31736,-22.889647
2015-01-01 00:56:08.416,3.5918326,46.60153,-583.7062,16.147514,-20.229036
2015-01-01 00:57:47.074,3.6325746,46.678856,-585.34454,21.784924,-20.171625
2015-01-01 00:59:25.733,3.329369,47.75902,-584.1437,18.904423,-20.282352
2015-01-01 01:01:04.392,3.4301438,49.05947,-583.67053,14.718975,-21.516726
2015-01-01 01:02:43.052,3.4034953,49.265556,-583.215,15.107605,-20.015873
2015-01-01 01:04:21.710,3.268051,50.52896,-583.58813,15.662891,-18.56687
2015-01-01 01:06:00.369,3.2578425,43.34048,-581.58606,14.240013,-16.339231
2015-01-01 01:07:57.527,3.244366,55.320927,-580.38324,22.136684,-23.700863
2015-01-01 01:09:14.604,3.3086696,49.42424,-581.5372,14.04652,-16.498276
2015-01-01 01:10:56.347,3.2859159,44.49413,-580.12933,13.868668,-13.562945
2015-01-01 01:12:35.006,3.2072651,44.696583,-580.5556,15.079147,-16.268211
2015-01-01 01:14:13.665,3.2147837,44.048584,-580.20966,14.697224,-15.4169855
2015-01-01 01:15:52.325,3.1920328,44.43267,-579.35986,13.517197,-14.470864
2015-01-01 01:17:30.983,3.1603029,44.644104,-580.69434,15.254864,-16.550652
2015-01-01 01:19:09.643,3.1997228,46.169632,-579.884,22.199635,-18.168234
2015-01-01 01:20:48.301,3.4114919,49.028194,-582.109,20.185501,-20.256468
2015-01-01 01:22:26.960,3.4007976,47.846203,-582.98755,19.036213,-21.429441
2015-01-01 01:24:24.118,3.2116635,53.024204,-580.8722,22.063694,-26.335024
2015-01-01 01:25:41.195,3.3075213,48.60368,-581.16974,21.545856,-21.424517
2015-01-01 01:27:22.937,3.3039072,49.020535,-580.1854,22.574707,-19.317295
2015-01-01 01:29:01.597,3.2438107,50.46731,-580.20685,22.088123,-20.095575
2015-01-01 01:30:40.255,3.360645,48.565384,-582.6337,19.627625,-19.446882
2015-01-01 01:32:18.915,3.1976402,48.84671,-580.24554,15.070507,-16.977503
2015-01-01 01:33:54.491,3.3512568,45.96459,-580.8459,19.561699,-20.22097
2015-01-01 01:35:33.149,3.1815152,43.014767,-578.4787,22.329525,-10.948316
2015-01-01 01:37:11.809,3.259274,40.129158,-580.03485,4.3216324,-12.248029
2015-01-01 01:38:50.467,2.9917433,46.85099,-578.3785,5.5489807,-11.891271
2015-01-01 01:40:44.542,2.9618745,52.442608,-577.0056,14.648884,-23.090302
2015-01-01 01:42:01.620,3.0176105,45.95858,-579.3434,2.2337074,-11.726566
2015-01-01 01:43:43.326,3.0317478,45.690563,-579.91895,21.263649,-15.335185
2015-01-01 01:45:22.020,3.1054668,47.354618,-579.97003,5.1015396,-12.108549
2015-01-01 01:47:00.680,3.2565725,46.79031,-580.5367,3.2427826,-10.57541
2015-01-01 01:48:39.338,3.0650628,50.377014,-578.1998,-4.6590023,-18.724361
2015-01-01 01:50:17.998,3.0893772,46.987267,-581.3692,4.211529,-21.389145
2015-01-01 01:51:56.657,3.2815683,41.863503,-583.9229,-3.5465736,-16.135344
2015-01-01 01:53:35.315,3.1342175,40.96545,-579.48737,17.927536,-7.3846436
2015-01-01 01:55:13.975,2.964121,41.741573,-576.66626,18.10839,-7.657129
2015-01-01 01:57:11.132,2.544254,42.66004,-576.899,18.255322,-21.984777
2015-01-01 01:58:34.375,2.8183956,41.691765,-577.6514,25.330204,-15.149793
2015-01-01 02:00:09.952,2.8788047,40.0392,-577.7082,21.935932,-9.650636
2015-01-01 02:01:48.610,3.1043608,43.222435,-580.7052,-6.1562634,-14.722181
2015-01-01 02:03:27.270,2.9987001,46.43923,-579.9399,-15.815618,-10.228988
2015-01-01 02:05:05.929,2.5788612,48.502945,-578.9054,5.808872,-12.095353
2015-01-01 02:06:44.587,2.7489877,46.03903,-579.20264,18.429962,-12.8274145
2015-01-01 02:08:21.846,2.7684796,45.368557,-575.5997,22.573315,-13.330382
2015-01-01 02:10:01.905,2.8453074,45.65235,-571.64136,-34.08934,6.5114126
2015-01-01 02:11:40.564,3.0088854,45.16354,-576.7584,5.8083305,-3.7414997
2015-01-01 02:13:37.110,2.999802,41.662746,-574.06085,23.522568,-4.849128
2015-01-01 02:14:59.564,3.09785,40.555145,-578.23254,28.348854,-12.011024
2015-01-01 02:16:35.140,3.0868232,42.566017,-576.6992,22.99913,-7.9389596
2015-01-01 02:18:13.799,3.0015607,42.002766,-576.6683,18.845001,-8.685401
2015-01-01 02:19:50.917,2.8905087,45.001923,-572.4709,14.216015,-10.883672
2015-01-01 02:21:26.493,3.2372236,47.77392,-572.13336,13.802536,4.51478
2015-01-01 02:23:07.412,3.230286,44.239582,-566.6042,9.18914,-13.178625
2015-01-01 02:24:46.753,3.0573616,42.952744,-575.3537,8.285301,-3.601929
2015-01-01 02:26:25.413,3.1204083,39.042324,-574.0707,3.2937737,-1.63437
2015-01-01 02:28:04.073,3.1449323,39.71355,-574.69684,1.5704937,-0.1257512
2015-01-01 02:30:01.231,2.8633075,48.51952,-574.7229,14.145058,-26.919424
2015-01-01 02:31:26.874,3.2165008,46.89485,-569.42816,6.8053284,-25.44301
2015-01-01 02:32:59.367,3.149803,38.943687,-566.6958,6.9345665,-25.128267
2015-01-01 02:34:38.026,3.1513374,53.83713,-560.57544,15.081173,-24.096695
2015-01-01 02:36:14.425,3.4352481,65.28511,-549.24854,22.041416,-35.5699
2015-01-01 02:37:53.084,3.205576,57.601334,-554.23145,24.191055,-15.51434
2015-01-01 02:39:31.743,3.089705,55.243534,-549.55756,9.151165,-24.80438
2015-01-01 02:41:13.344,2.8751104,48.214233,-555.5732,3.103836,-30.297543
2015-01-01 02:44:17.908,,,,,
2015-01-01 02:47:48.122,3.1517968,54.46395,-546.4616,25.272758,-15.627658
2015-01-01 02:49:23.697,2.7094116,41.91255,-550.65576,18.706783,-30.654549
2015-01-01 02:51:02.356,2.8870687,43.52688,-547.20703,12.189392,-25.55467
2015-01-01 02:52:41.015,2.6004715,40.774292,-549.6381,14.816803,-24.431746
2015-01-01 02:54:19.674,2.955433,44.189625,-547.73376,-4.110363,-27.08498
2015-01-01 02:55:58.333,2.9115183,44.60809,-546.98627,-5.5075703,-24.174623
2015-01-01 02:57:36.851,2.7925181,43.270393,-548.6647,8.711678,-24.40937
2015-01-01 02:59:17.911,3.4989703,55.929214,-552.10315,-6.0913486,-27.19884
2015-01-01 03:00:54.310,2.5800905,38.52211,-548.38025,20.75655,-21.170807
2015-01-01 03:02:49.925,2.9174106,47.59845,-552.0398,19.183159,-14.894214
2015-01-01 03:04:11.488,2.8001394,39.317623,-550.4734,30.060863,-13.443989
2015-01-01 03:13:25.908,,,,,
2015-01-01 03:15:36.075,2.866432,41.308052,-557.1759,10.54697,-15.096672
2015-01-01 03:17:14.734,2.8652806,42.89281,-555.49286,14.359871,-8.113463
2015-01-01 03:19:14.834,2.9437594,43.124607,-554.8923,12.378979,-14.563237
2015-01-01 03:22:37.908,,,,,
2015-01-01 03:25:28.029,2.7749338,46.220566,-560.17706,8.152496,-4.449437
2015-01-01 03:27:06.688,2.4097724,37.738964,-556.75745,17.281483,-11.13929
2015-01-01 03:28:45.348,2.6619053,43.45756,-557.3785,-0.6528034,-14.636824
2015-01-01 03:30:24.007,2.6039681,42.960888,-561.57166,1.4462242,-15.65134
2015-01-01 03:32:02.667,2.3156607,34.954227,-559.8248,3.898201,-15.056752
2015-01-01 03:33:41.325,2.7742965,44.68815,-554.5091,8.394909,-19.174688
2015-01-01 03:38:40.245,2.8655465,41.541912,-546.26685,7.2911987,-11.618631
2015-01-01 03:40:18.904,3.0425687,42.009525,-544.7285,4.393051,-11.245857
2015-01-01 03:41:57.562,3.0101664,42.095226,-543.03424,6.839699,-5.5637197
2015-01-01 03:43:33.138,2.9457753,44.994194,-541.8661,10.108059,-3.234446
2015-01-01 03:45:11.797,3.1957047,45.616703,-544.2284,-2.0458698,-10.807837
2015-01-01 03:46:50.457,3.103042,45.022804,-544.3435,8.040276,5.700537
2015-01-01 03:48:29.116,2.852329,45.095325,-544.8534,17.744595,7.0969157
2015-01-01 03:50:04.692,2.6395762,44.95951,-545.8925,2.8364296,-7.1348877
2015-01-01 03:52:04.932,3.1634347,48.141594,-549.418,18.844128,4.806164
2015-01-01 03:53:25.233,3.1433034,43.514107,-548.5298,12.721859,-2.802608
2015-01-01 03:55:00.668,3.2293944,44.54015,-547.5599,15.217155,0.72683823
2015-01-01 04:01:35.304,2.9729676,43.603924,-559.4789,8.448357,-4.456713
2015-01-01 04:03:12.562,2.719646,39.238705,-560.4172,3.8169212,-11.374775
2015-01-01 04:04:49.540,3.1114652,53.63441,-551.5975,3.6082916,-3.8530521
2015-01-01 04:06:28.339,3.2543979,55.59112,-552.3897,9.303455,-0.32602513
2015-01-01 04:08:28.440,2.7627523,48.30277,-554.0276,0.8117733,-6.69286
2015-01-01 04:09:51.682,2.6834292,43.838097,-562.3824,1.5913486,-2.8361175
2015-01-01 04:11:24.316,2.0762014,40.965107,-558.54553,5.867275,-7.1756864
2015-01-01 04:14:45.907,,,,,
2015-01-01 04:18:01.894,2.3323612,41.94182,-566.27325,-4.3085957,-8.492332
2015-01-01 04:19:40.554,2.2593865,42.973495,-563.7683,-1.6050205,-7.1531053
2015-01-01 04:21:19.213,2.3244314,41.884453,-562.6759,1.9666786,-8.619816
2015-01-01 04:22:57.873,2.4348035,39.48719,-562.5702,1.3571949,-8.495784
2015-01-01 04:24:58.113,2.7311034,44.90719,-567.16437,1.912674,-3.1310904
2015-01-01 04:26:21.357,2.4645994,39.461414,-564.49506,0.7668648,-10.38655
2015-01-01 04:27:56.932,2.6978617,40.293568,-569.6298,-1.8587055,-5.3874197
2015-01-01 04:29:35.591,2.576371,40.381325,-566.0607,-1.291872,-12.646534
2015-01-01 04:31:11.167,2.597754,42.891247,-568.7993,-3.4684181,-6.1059723
2015-01-01 04:32:49.827,2.6256962,38.76494,-570.54364,-2.0407753,-10.118332
2015-01-01 04:34:28.486,2.4481432,39.6625,-572.4595,-3.5466766,-8.096673
2015-01-01 04:36:07.109,2.5654151,40.554523,-572.4219,-3.2665615,-4.764538
2015-01-01 04:37:42.720,2.573455,36.255337,-571.3133,-2.1230946,-6.529396
2015-01-01 04:39:21.380,2.5470974,35.512196,-569.42786,-3.994156,-7.226076
2015-01-01 04:41:20.080,2.760081,39.834225,-571.3376,-4.4077034,-5.2295012
2015-01-01 04:42:41.781,3.0258517,41.268826,-570.1344,-12.847448,-9.6468115
2015-01-01 04:44:14.273,2.8567927,41.72053,-570.2331,-9.736673,-8.412626
2015-01-01 04:45:52.933,2.8407393,41.102028,-570.44073,0.33922768,-8.246553
2015-01-01 04:47:31.591,2.7771726,42.356144,-565.3044,-2.9145908,-9.57735
2015-01-01 04:49:07.308,2.7705052,42.448185,-563.9463,-5.016651,-12.172885
2015-01-01 04:53:05.907,,,,,
2015-01-01 04:55:44.886,2.8614144,41.554195,-560.78107,-0.08161163,-14.288632
2015-01-01 04:57:42.044,2.9803605,44.978634,-562.88727,0.42643356,-10.766606
2015-01-01 04:59:05.289,3.0558267,42.228096,-564.55334,3.8635979,-15.523398
2015-01-01 05:00:40.863,3.0336,43.317303,-567.1442,0.86383057,-15.710517
2015-01-01 05:03:49.906,,,,,
2015-01-01 05:07:12.558,2.805613,37.8663,-555.5101,-7.357954,-13.385892
2015-01-01 05:08:51.216,2.717413,39.293446,-560.2168,-5.3477745,-10.443967
2015-01-01 05:10:29.874,2.6819644,38.299355,-560.6775,-7.412342,-13.980533
2015-01-01 05:14:33.907,,,,,
2015-01-01 05:17:10.501,2.8262596,46.02367,-564.0834,-12.144699,-10.114885
2015-01-01 05:18:46.078,2.4963703,39.795452,-562.41754,-9.559366,-17.895407
2015-01-01 05:20:24.738,2.616551,48.92388,-561.26746,-2.4843292,-13.7860985
2015-01-01 05:22:00.312,2.8360748,54.542118,-560.4085,9.570961,-3.862722
2015-01-01 05:23:42.091,2.7978678,53.297787,-559.3152,0.7815647,-10.706482
2015-01-01 05:25:16.265,2.6649394,50.234325,-560.91394,0.2750759,-13.457936
2015-01-01 05:26:56.326,2.8344443,53.874443,-560.8573,-5.6110287,-15.825656
2015-01-01 05:28:31.867,2.4995465,49.800625,-558.028,-1.3632202,-16.210127
2015-01-01 05:30:32.142,2.6325707,50.522926,-559.2912,2.5819168,-8.080652
2015-01-01 05:31:52.267,2.6703608,49.49265,-561.1918,-1.0749912,-10.789162
2015-01-01 05:33:24.935,2.8684669,45.259823,-569.1563,-14.902373,-11.259333
2015-01-01 05:39:05.907,,,,,
2015-01-01 05:41:38.230,2.7319117,38.346386,-557.032,-10.812754,-13.695471
2015-01-01 05:43:16.888,2.7009258,39.90469,-556.65753,-10.50061,-11.324908
2015-01-01 05:44:55.548,2.7805626,36.84,-561.0954,-5.188122,-15.189036
2015-01-01 05:46:55.648,2.8972888,43.749996,-565.3319,-2.3236523,-12.742606
2015-01-01 05:48:18.894,3.0677936,40.680714,-565.92035,-3.7548523,-12.685287
2015-01-01 05:49:53.070,2.8996277,40.74026,-564.25323,-3.0931644,-13.242565
2015-01-01 05:51:33.128,2.7989237,39.16396,-564.8562,-1.4581356,-16.492283
2015-01-01 06:01:25.222,3.0265725,37.988926,-553.419,-3.478857,-14.235803
2015-01-01 06:03:23.921,3.2415333,38.687103,-556.5342,-4.526863,-17.215544
2015-01-01 06:04:45.625,2.990836,36.46241,-557.679,-8.02737,-14.965991
2015-01-01 06:06:18.117,3.098102,37.077213,-557.6384,-6.706089,-14.994548
2015-01-01 06:07:56.775,3.0577154,35.13387,-559.6974,-8.9371395,-19.363977
2015-01-01 06:09:35.435,2.97569,35.61385,-557.9062,-8.914846,-18.58192
2015-01-01 06:11:14.093,3.1047516,36.680706,-555.7996,-5.0022182,-17.422573
2015-01-01 06:14:21.906,,,,,
2015-01-01 06:25:54.072,2.8905668,35.814552,-554.30554,-11.888458,-19.811773
2015-01-01 06:27:34.517,2.916925,33.03768,-557.5157,-7.007805,-20.400414
2015-01-01 06:29:13.175,2.998017,33.72565,-556.5655,-11.8133545,-16.384212
2015-01-01 06:30:51.835,3.0677977,34.126633,-556.24255,-11.130054,-15.571891
2015-01-01 06:32:30.320,2.917715,34.13279,-555.9044,-7.140522,-18.225855
2015-01-01 06:34:09.154,3.0785146,33.87726,-555.7614,-14.340981,-18.703678
2015-01-01 06:36:07.679,2.801899,39.43258,-554.59515,-9.712156,-14.036414
2015-01-01 06:37:29.556,2.934603,35.95057,-555.85004,-11.850584,-15.566504
2015-01-01 06:39:05.130,2.8783088,36.059513,-557.2915,-13.800356,-12.786121
2015-01-01 06:40:43.617,3.1116526,44.812275,-560.41034,8.895859,-33.787247
2015-01-01 06:41:57.905,,,,,
2015-01-01 06:44:04.052,2.6089365,37.619587,-559.60187,0.88412666,-21.306578
2015-01-01 06:45:39.767,2.8175042,41.251698,-556.5845,8.213104,-20.708622
2054-11-28 06:47:24.453,3.122383,39.75496,-560.2359,-2.366394,-19.855963
2015-01-01 06:49:03.111,3.1204104,39.444378,-561.06085,-3.613741,-21.235306
2015-01-01 06:50:38.828,3.1396663,41.652622,-559.9879,-4.6693096,-20.714386
2015-01-01 06:52:38.927,3.181884,43.227604,-558.9726,-7.8295383,-20.63826
2015-01-01 06:53:59.089,3.1155608,40.30098,-561.52954,-0.5035763,-21.727757
2015-01-01 06:55:31.720,3.0729353,40.063805,-559.3789,-6.6248283,-19.778482
2015-01-01 06:57:10.380,3.0021675,36.35116,-554.5308,-13.631754,-14.619637
2015-01-01 06:58:49.039,2.834813,33.316437,-556.8976,-8.6140175,-21.012878
2015-01-01 07:00:24.615,2.9525208,33.93359,-556.60474,-4.7057457,-19.422676
2015-01-01 07:02:03.275,2.8754044,33.29993,-556.88684,-8.380541,-17.416407
2015-01-01 07:03:41.933,2.8644853,32.689674,-558.6403,-7.328121,-18.833458
2015-01-01 07:05:20.591,2.8541687,34.568108,-556.0628,-8.126011,-20.102896
2015-01-01 07:15:41.906,,,,,
2015-01-01 07:18:25.101,2.0474813,34.04067,-540.68536,3.6046906,-20.377665
2015-01-01 07:20:05.302,2.282881,46.997536,-547.47296,-7.7464485,-26.723566
2015-01-01 07:21:42.419,2.000645,42.64467,-539.2479,5.345806,-11.358652
2015-01-01 07:23:25.703,1.7971311,34.841515,-536.035,3.0005455,-17.79672
2015-01-01 07:25:21.458,2.2356749,39.999325,-547.2061,2.0282192,-16.147148
2015-01-01 07:26:43.162,2.3593564,41.370102,-549.8595,-3.4608002,-16.27777
2015-01-01 07:28:18.736,2.3062515,37.90631,-550.1881,2.797596,-12.907279
2015-01-01 07:29:57.396,2.354309,37.62812,-551.8205,5.00766,-13.03243
2015-01-01 07:31:36.054,2.1646614,36.58078,-548.3893,0.4971981,-17.39295
2015-01-01 07:33:14.572,2.3733125,43.620056,-548.8288,-3.2996979,-19.926476
2015-01-01 07:34:53.373,2.3834019,41.417572,-549.4222,-0.4530201,-17.389502
2015-01-01 07:36:28.808,2.2490516,39.13834,-541.5089,-10.539053,-35.185307
2015-01-01 07:38:10.550,2.728675,43.1737,-537.70575,-0.8029442,-15.031481
2015-01-01 07:39:47.808,2.1088364,31.955193,-539.0312,15.43737,-10.998032
2015-01-01 07:41:48.048,2.2334306,36.863686,-544.3304,-3.749426,-19.26946
2015-01-01 07:43:08.210,2.12646,31.510334,-543.9547,-2.4958706,-24.867805
2015-01-01 07:44:42.103,2.2496881,35.413548,-535.8628,-1.2389488,-30.86194
2015-01-01 07:46:20.763,2.3379087,40.184803,-533.3877,-12.1322365,-22.631983
2015-01-01 07:47:56.339,2.2766118,36.35594,-537.1098,-4.883541,-24.628172
2015-01-01 07:49:34.998,2.4457812,38.89054,-530.4495,-13.36585,-18.896122
2015-01-01 07:51:25.306,2.8917832,38.719784,-529.72736,-8.341486,-16.19386
2015-01-01 07:52:49.373,2.4842198,35.60902,-520.7454,-1.4781551,-7.0298424
2015-01-01 07:54:32.658,2.648388,40.266945,-519.06616,-1.5262928,-1.9710902
2015-01-01 07:56:09.775,2.6901867,40.61346,-519.4239,3.4642868,-6.67168
2015-01-01 07:58:05.390,2.8157394,42.30571,-519.2577,-4.8709183,-12.465507
2015-01-01 07:59:31.716,2.7675486,44.787136,-521.0109,-0.50035095,-6.7300687
2015-01-01 08:01:05.751,2.6547227,40.598423,-518.5475,1.4156036,-9.003733
2015-01-01 08:02:44.410,2.6944826,38.068413,-516.21893,-7.857279,-6.0785623
2015-01-01 08:04:23.070,2.549319,35.96483,-518.72015,-9.906658,-5.1749563
2015-01-01 08:06:01.728,2.7276664,39.229755,-525.62823,-6.1465645,-15.92748
2015-01-01 08:07:41.929,2.6192372,38.33321,-525.6633,-14.826697,-14.332037
2015-01-01 08:09:20.589,2.6146276,37.424374,-523.44104,-6.380394,-15.201876
2015-01-01 08:10:57.705,2.6240847,36.67109,-522.93396,-5.800926,-18.965923
2015-01-01 08:12:36.365,2.9167788,41.299923,-524.2809,-3.887066,-14.838064
2015-01-01 08:14:31.980,2.6503735,44.592392,-520.6013,-8.900591,-13.091451
2015-01-01 08:15:58.308,3.0288463,45.86069,-522.4302,-5.6761,-17.733023
2015-01-01 08:17:33.884,3.0177915,44.38193,-522.2228,-4.55291,-13.934874
2015-01-01 08:19:11.000,3.0164638,40.960278,-519.65454,-12.381603,-14.987414
2015-01-01 08:20:49.660,3.2569678,46.91354,-516.84875,0.6993599,-16.536596
2015-01-01 08:22:28.318,2.892976,45.356197,-519.8908,-4.7821903,-13.893512
2015-01-01 08:24:08.521,3.002302,45.513653,-524.89624,-7.335848,-13.497044
2015-01-01 08:25:45.636,2.7555299,42.134583,-521.2393,-8.263767,-14.709444
2015-01-01 08:27:23.404,3.0964625,45.36144,-515.43646,-15.520049,-13.960492
2015-01-01 08:29:05.898,2.7166617,40.252495,-533.10913,-15.702363,-19.686707
2015-01-01 08:30:59.974,2.8000045,43.396606,-526.879,-13.967977,-18.374025
2015-01-01 08:32:18.732,2.5811956,35.093807,-531.7721,-15.764994,-17.002977
2015-01-01 08:34:00.476,2.558508,33.968166,-533.6334,-11.180597,-22.903511
2015-01-01 08:35:36.050,2.6010463,36.35595,-519.8368,7.132885,-11.896959
2015-01-01 08:37:12.994,2.5843487,40.473354,-529.26166,-0.51906204,-4.1910024
2015-01-01 08:38:53.193,2.538153,40.184803,-525.7354,1.1606274,-8.982697
2015-01-01 08:40:32.029,2.508665,37.166767,-528.64734,-9.607056,-16.815935
2015-01-01 08:42:10.687,2.2892456,33.329674,-528.67065,-11.768509,-19.181519
2015-01-01 08:43:50.886,2.6160588,51.341183,-521.03076,-6.8647747,1.838087
2015-01-01 08:45:24.921,2.87462,54.94803,-516.8373,-6.121914,-4.9730206
2015-01-01 08:47:21.904,2.8123329,56.26834,-507.50137,3.7437668,-1.298297
2015-01-01 08:48:48.265,2.7274818,49.16374,-515.7262,3.4379044,4.44523
2015-01-01 08:50:23.982,1.9521086,40.143173,-519.6954,-7.8369484,5.0279055
2015-01-01 08:52:01.097,2.6274316,37.106083,-517.58417,-21.627243,-6.6969895
2015-01-01 08:53:39.757,2.684318,33.685524,-515.97656,-6.372181,-6.450915
2015-01-01 08:55:18.416,2.7864742,35.76638,-514.63727,-8.948599,-6.410819
2015-01-01 08:56:57.076,2.6560886,34.822178,-513.9646,-6.520897,-4.5948615
2015-01-01 08:58:35.734,2.7152202,35.783623,-516.51654,-5.459015,-4.458866
2015-01-01 09:00:14.394,2.7173777,35.386658,-513.8741,-5.5468388,-10.532709
2015-01-01 09:01:53.052,2.952198,36.77357,-514.3662,-7.1549606,-5.3721814
2015-01-01 09:03:48.669,2.7628546,39.812275,-511.81058,-0.59602165,-3.4454343
2015-01-01 09:05:13.455,2.7457888,38.202965,-512.35223,-4.987997,-1.2537849
2015-01-01 09:06:49.031,2.8112307,35.926174,-518.147,-3.4626217,3.2585251
2015-01-01 09:08:27.691,2.5135756,35.221058,-515.9055,-8.270136,-1.3334899
2015-01-01 09:10:06.347,2.3950675,34.728348,-514.96277,-9.644806,2.9438274
2015-01-01 09:11:45.007,2.8013437,35.833244,-515.6962,-10.056789,-0.62467027
2015-01-01 09:13:23.667,2.672283,36.761448,-515.067,-8.299917,-2.5527358
2015-01-01 09:15:02.324,2.8563085,35.991306,-513.6079,-13.321144,2.2708106
2015-01-01 09:16:37.902,2.8262649,36.92762,-513.19867,-7.0362854,4.299034
2015-01-01 09:18:16.562,2.5983193,39.64087,-513.5726,-14.963568,1.3868256
2015-01-01 09:20:12.175,2.3148177,38.3304,-513.1435,-4.7072334,1.8363599
2015-01-01 09:21:36.960,2.819004,41.632607,-516.08484,4.6254272,-2.221215
2015-01-01 09:23:09.453,2.742782,41.202927,-516.2366,-2.0346375,-1.7116745
2015-01-01 09:24:48.113,2.7683406,41.560066,-517.5761,-2.3728638,-2.0527332
2015-01-01 09:26:26.773,2.8694038,43.201817,-514.51013,-3.3723545,-2.199346
2015-01-01 09:28:05.429,2.7989068,42.00568,-516.7886,-4.8984985,-1.394995
2015-01-01 09:29:44.089,2.7346876,41.845135,-515.12787,-8.093973,2.3917656
2015-01-01 09:31:22.749,2.5519779,38.415672,-519.7962,2.6182785,6.2698812
2015-01-01 09:33:01.410,2.7424695,38.587807,-518.83484,-0.64113045,8.9243765
2015-01-01 09:34:40.066,2.718515,43.042538,-521.06824,6.9604454,0.057930354
2015-01-01 09:36:35.683,2.7452722,44.791397,-523.8343,-0.4914627,2.486204
2015-01-01 09:38:00.468,2.550835,41.413597,-525.72925,-1.1869354,-1.2738702
2015-01-01 09:39:37.589,2.4814515,40.173683,-524.1582,-2.7407246,-3.541114
2015-01-01 09:41:14.703,2.4832678,39.812645,-521.40015,2.9864578,-0.112568624
2015-01-01 09:42:53.363,2.574368,43.630272,-524.17175,2.3771248,-0.3214727
2015-01-01 09:44:33.566,2.3622725,39.013885,-521.72345,0.08919525,1.8773549
2015-01-01 09:46:10.539,2.4407992,37.325813,-510.50684,3.3578072,4.1858153
2015-01-01 09:47:49.339,2.2953947,35.153152,-512.88605,-1.3249321,-0.083125345
2015-01-01 09:49:27.999,2.5392292,39.858288,-513.3527,1.4990311,1.6804497
2015-01-01 09:51:09.742,2.3121722,34.712666,-513.9716,2.1574078,4.7202315
2015-01-01 09:53:05.218,2.3314853,36.52098,-508.84277,-0.63500977,-1.9757288
2015-01-01 09:54:30.003,2.2833178,35.625767,-508.8192,3.64896,2.14024
2015-01-01 09:56:04.039,2.4472306,42.60434,-504.48065,2.5659142,-3.9237409
2015-01-01 09:57:38.210,2.2874491,41.587555,-501.3032,2.8149452,-0.65033287
2015-01-01 09:59:19.953,2.417683,43.141396,-499.91806,-1.4428844,-11.572007
2015-01-01 10:00:57.074,2.4116738,41.13265,-488.65482,2.6582184,-8.215424
2015-01-01 10:02:38.675,2.3634036,46.776733,-492.19482,-0.46375084,-12.474904
2015-01-01 10:04:11.308,3.0061214,40.869396,-463.64383,-4.5789013,-34.842346
2015-01-01 10:05:48.285,3.0321095,60.89344,-464.95886,-4.6277275,-14.50686
2015-01-01 10:07:37.874,2.3490975,37.942,-468.82507,-10.129993,-41.260357
2015-01-01 10:09:18.792,2.4375498,43.26529,-461.3829,-6.431938,-33.418385
2015-01-01 10:10:38.816,2.6203191,43.079464,-452.0029,-51.00304,13.0032215
2015-01-01 10:12:17.476,2.6367497,41.881874,-454.01532,-45.57788,7.365852
2015-01-01 10:13:55.378,2.6398323,42.27552,-459.3929,-9.059532,-15.193654
2015-01-01 10:15:47.195,2.4021711,43.309742,-464.91122,0.9358635,-30.301077
2015-01-01 10:17:16.675,2.2286456,46.330772,-462.65292,10.660591,-19.826529
2015-01-01 10:18:53.070,2.234858,64.55117,-471.5493,0.37599754,4.270411
2015-01-01 10:20:39.437,2.4330778,47.97857,-479.06198,6.9653206,20.378168
2015-01-01 10:22:04.085,2.2328384,63.476654,-467.01978,6.771942,-9.071417
2015-01-01 10:23:48.226,2.425196,47.658276,-466.2697,-0.27285576,-22.014381
2015-01-01 10:25:46.207,2.4518301,63.52946,-464.198,8.587471,-15.939657
2015-01-01 10:27:09.312,2.1598701,59.163544,-469.51923,3.8014832,-2.071348
2015-01-01 10:28:52.628,2.2874346,59.061268,-470.961,-7.602743,-7.8722034
2015-01-01 10:30:28.308,2.7644055,62.018257,-465.43512,0.35175323,-21.400515
2015-01-01 10:32:05.464,2.668263,45.011482,-466.1494,-7.51577,-17.492935
2015-01-01 10:33:41.039,2.6377425,43.429794,-467.0379,-8.185152,-19.75143
2015-01-01 10:35:28.769,2.5916326,56.964447,-469.90936,-5.601883,-16.08514
2015-01-01 10:37:07.429,2.3996274,55.259827,-474.49307,-7.708637,-14.101878
2015-01-01 10:38:46.089,1.8844736,44.792126,-486.1297,-8.41704,-13.406335
2015-01-01 10:40:24.750,2.3074493,55.65226,-477.6399,-10.260855,-14.450884
2015-01-01 10:42:17.285,2.2537093,59.718525,-470.84683,1.788187,-17.225813
2015-01-01 10:43:46.691,2.3794334,46.77889,-477.2009,-9.835716,-7.5182424
2015-01-01 10:45:17.785,2.4376152,55.14172,-476.64508,-2.5860596,-12.14024
2015-01-01 10:46:56.304,2.1845372,53.19425,-484.01794,-13.573162,-14.186561
2015-01-01 10:48:35.136,2.3494313,55.035698,-480.12878,-3.9099693,-7.9459724
2015-01-01 10:50:15.300,2.2912407,49.87635,-481.34247,-1.8436356,-4.940857
2015-01-01 10:51:46.289,2.463186,57.106907,-480.84338,-2.627617,-6.5235815
2015-01-01 10:53:29.535,2.2897222,48.752666,-482.01328,-2.0755806,-4.0725274
2015-01-01 10:55:08.195,2.3081253,50.66205,-481.82614,-1.8496494,-3.950917
2015-01-01 10:56:43.773,2.3055067,51.482063,-482.8853,-1.7691269,-3.5870538
2015-01-01 10:58:39.246,2.18744,49.784145,-482.98154,6.2220993,7.9064155
2015-01-01 11:00:01.089,2.288741,52.066418,-482.3028,1.7291565,-4.1731834
2015-01-01 11:01:41.152,2.3025296,49.843098,-485.0133,6.459385,-5.206298
2015-01-01 11:03:18.406,2.3329678,51.181705,-482.74423,-0.4717636,-2.903809
2015-01-01 11:04:57.066,2.312861,52.421078,-482.7797,-1.9986305,-3.7070944
2015-01-01 11:06:35.726,2.3175292,50.624733,-482.39716,1.755661,-2.640241
2015-01-01 11:08:14.386,2.3182983,50.815548,-482.91022,2.2617645,-3.9592605
2015-01-01 11:09:54.445,2.2934859,51.32353,-482.92685,9.879269,-5.5674577
2015-01-01 11:11:33.105,2.1896267,47.041092,-484.5933,9.014374,-5.8696117
2015-01-01 11:13:14.847,2.2059145,47.52161,-484.33365,7.7136154,-7.0185947
2015-01-01 11:15:05.839,2.0990899,47.37628,-487.32727,-1.7646179,0.40041044
2015-01-01 11:16:29.082,2.2135355,45.846752,-484.74402,8.828648,-4.4192405
2015-01-01 11:18:04.660,2.1667325,46.271095,-484.5349,10.316162,-3.3725774
2015-01-01 11:19:41.742,2.0280893,44.343414,-486.1561,4.476528,-11.188199
2015-01-01 11:21:22.117,2.0154493,45.337116,-488.61606,-5.500164,-18.845314
2015-01-01 11:26:17.953,2.0234118,43.986473,-481.98477,14.954628,-7.121442
2015-01-01 11:27:56.613,2.0548928,44.97672,-483.86124,8.794987,-6.0359893
2015-01-01 11:29:36.812,1.9786332,40.559017,-487.74695,12.55452,13.653965
2015-01-01 11:31:32.429,2.0001242,48.00233,-486.437,-0.611042,3.0222218
2015-01-01 11:32:57.214,1.9640083,39.790062,-490.27014,8.652653,13.342924
2015-01-01 11:34:29.847,2.154954,50.03024,-481.48447,-0.19508362,3.431957
2015-01-01 11:36:11.589,2.2243738,50.890797,-481.1333,-5.3142757,0.8926873
2015-01-01 11:37:53.332,1.80792,38.830334,-494.2221,-12.468603,6.237296
2015-01-01 11:39:27.191,1.7903128,36.8536,-493.32535,-2.9176693,13.159456
2015-01-01 11:41:10.648,1.871843,36.98441,-496.31888,-8.934217,3.0250554
2015-01-01 11:42:44.511,2.0680187,42.024307,-485.91702,-17.713388,5.2373514
2015-01-01 11:44:26.285,2.1173956,43.45464,-485.62448,-16.624964,5.0621753
2015-01-01 11:46:05.085,2.0854547,45.026005,-488.39224,-8.646271,-13.323312
2015-01-01 11:47:59.160,2.0330713,46.948025,-492.54077,-26.342728,-5.646575
2015-01-01 11:49:22.265,2.0245023,42.73751,-487.89935,-16.987244,2.9615834
2015-01-01 11:51:00.921,2.1100645,47.877834,-483.72983,9.89592,-3.2612958
2015-01-01 11:52:38.179,2.0700617,44.762783,-481.925,-5.13962,4.306725
2015-01-01 11:54:16.839,2.0336902,42.34535,-480.9859,-6.220907,4.728444
2015-01-01 11:55:55.496,2.1376102,44.84448,-482.59537,-1.1958828,1.734525
2015-01-01 11:57:34.156,2.1391912,43.188072,-482.44733,-3.4134808,0.93500024
2015-01-01 11:59:12.640,2.027399,40.57364,-481.11658,-15.225557,3.4052608
2015-01-01 12:00:49.796,2.0271165,48.739483,-475.8347,4.1142235,-5.591647
2015-01-01 12:02:30.132,2.1635566,50.881878,-471.57413,-4.5061054,-2.173384
2015-01-01 12:04:22.667,2.1487734,53.321777,-473.6345,-5.750849,-5.9775467
2015-01-01 12:05:47.351,2.2304342,53.967426,-472.59573,1.6672249,-10.888639
2015-01-01 12:07:27.511,2.0913246,49.6723,-473.75046,0.12702751,-4.3937902
2015-01-01 12:09:01.687,2.055127,52.789963,-472.98184,-5.999611,-0.89698523
2015-01-01 12:10:41.750,2.1177666,55.25553,-475.8648,8.586155,0.13098569
2015-01-01 12:12:20.406,1.9599035,45.255665,-479.1507,-1.3932323,-2.777833
2015-01-01 12:14:06.019,1.7495301,38.338676,-507.61243,-7.00469,7.9570746
2015-01-01 12:15:38.515,1.5645351,36.942017,-500.6555,-2.054409,11.537576
2015-01-01 12:17:11.726,1.940954,41.156338,-488.63297,-0.33003044,-5.5015492
2015-01-01 12:18:53.640,2.13636,41.68287,-483.8373,-5.138956,5.974952
2015-01-01 12:20:46.824,2.8048458,72.84474,-473.9508,13.134575,-0.5286973
2015-01-01 12:22:15.550,1.9150027,41.77407,-470.84207,-9.849077,-7.5097876
2015-01-01 12:23:46.394,4.419667,36.562595,-446.4752,14.806488,-17.271715
2015-01-01 12:25:32.761,4.7745466,26.052956,-454.85205,11.619671,-10.360778
2015-01-01 12:27:08.339,6.0059505,30.94369,-455.5388,8.781094,-11.737411
2015-01-01 12:28:45.593,3.3820448,24.219776,-462.9802,16.93214,9.386429
2015-01-01 12:30:24.253,5.323028,32.68082,-459.09708,9.095692,-23.392696
2015-01-01 12:32:02.914,5.4447203,32.248882,-456.24045,-3.971344,-16.25824
2015-01-01 12:33:43.117,5.170775,30.686735,-450.07748,15.390728,-7.3219852
2015-01-01 12:35:23.316,4.4633393,26.091314,-455.2452,15.484222,-12.904112
2015-01-01 12:37:12.765,4.314036,39.59945,-445.4827,0.55031204,-15.459889
2015-01-01 12:38:43.714,4.5800405,33.188824,-450.23486,3.6662483,-18.225285
2015-01-01 12:40:17.749,3.4352834,24.729269,-462.56964,8.435093,3.9293787
2015-01-01 12:41:53.328,3.526956,25.128883,-461.2434,8.040379,7.7567906
2015-01-01 12:43:31.984,5.257674,33.8971,-455.9845,-4.237913,-11.684875
2015-01-01 12:45:10.644,3.8309302,34.10728,-462.88412,8.524143,-5.3634734
2015-01-01 12:46:46.218,3.5693073,33.05466,-462.28854,8.892761,2.2243161
2015-01-01 12:48:27.960,3.4458783,29.387459,-470.3181,-10.223116,-13.448095
2015-01-01 12:50:06.621,3.1425433,27.18077,-471.4124,0.25642014,-15.2816925
2015-01-01 12:51:45.281,3.910131,34.814365,-469.30914,14.789597,-6.227644
2015-01-01 12:53:33.187,4.290498,36.400562,-470.40506,7.461155,-13.036999
2015-01-01 12:54:59.515,3.706296,33.1145,-467.1896,11.5312,-7.9078207
2015-01-01 12:56:38.031,3.476938,35.024635,-467.4429,0.878397,-9.019328
2015-01-01 12:58:12.925,3.6658099,39.085594,-469.19907,-10.326572,-2.468357
2015-01-01 12:59:50.867,3.4833496,36.531734,-463.07397,-3.456913,-14.080205
2015-01-01 13:01:31.062,3.4427078,29.010725,-465.7026,-3.9691982,-13.121476
2015-01-01 13:03:11.265,3.7379582,23.733675,-467.1248,-4.202162,-8.074465
2015-01-01 13:04:49.921,3.826043,24.5559,-466.48657,-4.0439396,-10.140519
2015-01-01 13:06:28.582,3.752895,24.204472,-466.3935,-4.7264614,-10.366459
2015-01-01 13:08:07.238,3.6055038,23.393404,-466.9769,-6.556658,-9.942701
2015-01-01 13:09:59.632,3.9909823,27.767962,-467.73648,-2.5318737,-11.093029
2015-01-01 13:11:24.554,4.098989,26.37903,-466.77557,-2.8539162,-13.0603
2015-01-01 13:13:03.214,4.042089,25.324394,-466.58716,-2.8507977,-12.872347
2015-01-01 13:14:41.875,4.0288105,24.769024,-466.5919,-2.8570518,-12.382502
2015-01-01 13:16:20.531,3.7426722,23.347414,-465.15988,-3.5546284,-12.251269
2015-01-01 13:17:59.191,3.9003272,24.593197,-465.5994,-3.3762264,-11.964207
2015-01-01 13:19:37.851,3.8957834,26.419659,-465.7222,-2.7818966,-13.97071
2015-01-01 13:21:18.046,3.9418674,27.211979,-465.53528,-5.1657333,-16.428331
2015-01-01 13:22:58.250,4.0495634,28.731102,-464.86655,-4.421089,-14.193609
2015-01-01 13:24:36.906,3.9826663,28.641436,-465.40546,-4.7043037,-11.971402
2015-01-01 13:26:27.757,4.0625134,29.81463,-465.16782,-4.91527,-15.044737
2015-01-01 13:27:49.597,4.0999627,28.95287,-464.71118,-7.9172745,-13.096973
2015-01-01 13:29:28.257,4.0941443,29.618992,-466.54605,-8.80892,-9.369006
2015-01-01 13:31:05.375,3.9744153,27.629108,-463.70004,-6.2947693,-14.218196
2015-01-01 13:32:45.578,4.1288276,28.305225,-465.49802,-6.3106422,-10.039274
2015-01-01 13:34:22.691,4.0554566,28.118479,-465.80023,-6.9349346,-13.994247
2015-01-01 13:35:59.808,4.1336513,29.262745,-464.46997,-5.4800262,-14.757489
2015-01-01 13:37:38.464,3.9989831,28.39172,-464.46432,-5.902693,-12.636161
2015-01-01 13:39:15.585,4.0766172,28.928747,-463.28375,-6.6842785,-15.401232
2015-01-01 13:40:52.699,4.1597233,28.895617,-465.0079,-4.7804413,-14.751998
2015-01-01 13:42:45.089,4.3470798,32.354668,-462.4276,-4.1116905,-16.431355
2015-01-01 13:44:11.558,4.0222044,28.437395,-466.56094,-3.5283966,-17.27754
2015-01-01 13:45:48.671,4.3635173,31.350023,-463.31247,-1.3813305,-17.537048
2015-01-01 13:47:28.874,4.0415936,28.053139,-466.70764,-1.8499928,-16.741478
2015-01-01 13:49:02.906,4.2739067,28.988932,-464.94427,-2.1388187,-9.6573
2015-01-01 13:50:41.566,4.490304,30.085257,-464.66708,-1.7273273,-6.9934607
2015-01-01 13:52:18.683,4.622655,34.529015,-463.49826,-10.96435,-13.648953
2015-01-01 13:53:57.343,4.387907,31.306732,-462.09,-3.39781,-13.4513035
2015-01-01 13:55:35.999,4.058131,25.16057,-463.75528,-4.731943,-9.685504
2015-01-01 13:57:14.656,4.0844064,26.51977,-466.60956,-10.892969,-15.526752
2015-01-01 13:59:05.507,4.3445654,32.437492,-464.50568,-2.516899,-16.167686
2015-01-01 14:00:31.976,4.4020734,29.066666,-467.81464,-7.514456,-17.178474
2015-01-01 14:02:07.550,4.1326375,26.762064,-464.98355,-5.261322,-9.475852
2015-01-01 14:03:46.066,4.2136574,30.494528,-464.9847,5.8582687,-22.004932
2015-01-01 14:05:26.410,4.3645678,29.84622,-468.31375,1.3239079,-21.88817
2015-01-01 14:07:05.066,4.4041348,29.198828,-468.1262,0.4763279,-21.429626
2015-01-01 14:08:40.500,4.6480002,29.825052,-465.04855,0.7388592,-12.728084
2015-01-01 14:10:16.214,4.9965506,32.049088,-462.87253,2.531025,-17.66912
2015-01-01 14:11:53.332,5.1036415,32.672478,-457.82385,-6.6375217,-8.915835
2015-01-01 14:13:31.992,4.842724,31.790768,-458.7045,-8.198107,-8.536461
2015-01-01 14:15:25.921,4.303195,36.839695,-462.28247,-6.962322,-8.0782995
2015-01-01 14:16:49.308,4.2271605,32.25733,-452.9983,1.5643501,-7.2842684
2015-01-01 14:18:27.964,3.4765522,28.333143,-451.2901,0.3034401,-9.101206
2015-01-01 14:20:09.566,3.5138593,27.621037,-450.92798,-4.4533787,-10.050785
2015-01-01 14:21:48.222,3.7808645,29.075233,-452.97253,-3.154871,-15.748625
2015-01-01 14:23:23.941,3.3649774,27.653542,-455.19836,-4.455677,-16.499464
2015-01-01 14:25:05.539,3.9922338,32.024933,-448.33423,5.124691,-14.889852
2015-01-01 14:26:44.195,3.4914503,29.080605,-453.80692,-4.2406216,-11.64454
2015-01-01 14:28:22.820,3.417237,28.92891,-453.5223,1.7695408,-13.430373
2015-01-01 14:29:58.433,3.5654392,29.528257,-453.75473,-5.2269135,-6.5999565
2015-01-01 14:31:52.503,3.5810528,34.99184,-456.82657,-3.334591,-12.422554
2015-01-01 14:33:22.050,3.3153455,27.451653,-456.32977,3.9453964,-8.060328
2015-01-01 14:34:54.546,3.010659,28.271566,-452.50653,-0.7084694,-3.8728046
2015-01-01 14:36:36.285,3.0571687,28.110249,-454.33655,1.8574524,-2.512519
2015-01-01 14:38:14.945,3.2026353,26.60003,-457.34058,8.663994,-5.5161166
2015-01-01 14:39:50.519,3.312143,28.44797,-454.3878,2.6641502,-7.734142
2015-01-01 14:41:29.039,3.2753904,30.729023,-454.26505,1.877428,-10.39953
2015-01-01 14:43:10.917,3.3278606,25.528978,-458.3196,-5.9971313,-13.558701
2015-01-01 14:44:46.320,3.4160082,29.17257,-450.46487,0.76797485,-0.5249653
2015-01-01 14:46:28.234,3.194264,25.895966,-457.35916,-4.9509068,-14.292491
2015-01-01 14:48:19.085,3.3836086,29.21354,-456.90417,-5.7558346,-15.004453
2015-01-01 14:49:45.550,3.0892658,25.273758,-458.9633,-5.221857,-16.44711
2015-01-01 14:51:18.042,2.9445205,27.742035,-459.15536,-2.9662704,-9.333036
2015-01-01 14:52:56.703,3.090554,25.304834,-460.9185,-7.0819664,-13.504104
2015-01-01 14:54:35.359,3.1542673,24.114101,-460.444,-11.062168,-14.886762
2015-01-01 14:56:14.019,3.1663685,24.106627,-462.59583,-7.032879,-14.031626
2015-01-01 14:57:54.214,3.0883772,24.041712,-461.67432,-4.298805,-16.770504
2015-01-01 14:59:31.332,2.9807148,24.25483,-459.58176,-9.39691,-14.70039
2015-01-01 15:01:09.992,3.0276806,24.515429,-458.41595,-7.5371113,-17.741264
2015-01-01 15:02:50.187,3.0741873,24.655373,-460.59305,-5.851204,-18.50124
2015-01-01 15:04:42.582,3.431188,28.998152,-457.7182,-12.47168,-16.275265
2015-01-01 15:06:12.128,3.1768367,25.423754,-459.14227,-9.51366,-14.530128
2015-01-01 15:07:44.624,3.1172109,25.278551,-458.33557,-9.662451,-14.372726
2015-01-01 15:09:23.281,3.0124044,24.489054,-458.69147,-9.626339,-14.88117
2015-01-01 15:11:01.941,3.0983696,25.200142,-454.718,3.7629128,-3.8633614
2015-01-01 15:12:40.597,3.0755029,25.079683,-453.4445,4.4890785,-2.3788245
2015-01-01 15:14:19.257,3.1116521,27.04103,-451.97794,5.7645607,-1.4797057
2015-01-01 15:16:00.996,3.8243303,29.300383,-447.2618,4.382229,-16.042086
2015-01-01 15:17:39.656,3.850892,30.03402,-448.31042,6.8862267,-15.408218
2015-01-01 15:19:18.312,3.1025195,27.708256,-454.144,-1.269167,-3.391527
2015-01-01 15:21:07.765,3.2851357,31.057487,-451.42847,8.566059,-9.625661
2015-01-01 15:22:38.710,3.2781904,28.789516,-453.1452,-0.73768044,-4.8380127
2015-01-01 15:24:19.632,4.4076986,30.413206,-451.88715,9.329273,-12.466924
2015-01-01 15:25:49.687,3.2135632,29.549814,-453.00705,18.073078,-4.2523813
2015-01-01 15:27:31.605,2.9828436,26.683756,-452.02524,6.1482086,-3.2522852
2015-01-01 15:29:10.261,2.677151,23.472298,-451.76202,-0.93535805,-4.679283
2015-01-01 15:30:45.839,2.7192976,23.766434,-451.72473,0.10217476,-4.8004947
2015-01-01 15:32:26.039,3.3925998,22.999054,-463.90912,-5.0423145,-4.578023
2015-01-01 15:34:01.613,3.316844,22.752989,-462.96536,-6.7921047,-4.8577466
2015-01-01 15:35:38.730,3.6826396,23.003862,-462.03882,-7.1387234,-9.919237
2015-01-01 15:37:29.582,3.9216735,26.294691,-461.73993,-4.200655,-8.760669
2015-01-01 15:38:59.128,3.7627559,22.979805,-461.6638,-7.5597134,-8.893809
2015-01-01 15:40:31.624,3.7691233,23.465414,-461.12753,-8.778784,-11.399909
2015-01-01 15:42:10.281,3.7094579,23.15647,-461.02704,-8.111753,-12.06502
2015-01-01 15:43:48.941,3.738073,22.431805,-460.82986,-6.2394714,-10.703718
2015-01-01 15:45:27.597,3.8274922,23.0347,-460.2971,-8.412842,-12.5334215
2015-01-01 15:47:06.257,3.8385537,22.595444,-460.60416,-7.548279,-11.818897
2015-01-01 15:48:44.917,3.6997898,23.238916,-460.10516,-8.046427,-11.934774
2015-01-01 15:50:26.656,3.6965358,23.333164,-457.66724,-8.109238,-16.350033
2015-01-01 15:52:05.316,3.6848311,23.509079,-459.0208,-9.276514,-14.151565
2015-01-01 15:53:54.769,3.9684646,26.910536,-459.71558,-5.8880157,-9.684058
2015-01-01 15:55:25.714,3.9589639,24.159771,-456.02124,-10.191702,-10.298972
2015-01-01 15:57:01.292,4.068027,25.267227,-456.38394,-8.385464,-11.768074
2015-01-01 15:58:39.949,3.840402,24.1124,-456.7432,-12.360052,-10.001981
2015-01-01 16:00:18.609,3.9043722,23.837498,-455.6075,-10.514925,-11.038496
2015-01-01 16:01:57.269,4.023517,24.60107,-455.46893,-5.0921707,-9.224589
2015-01-01 16:03:35.925,3.7625988,23.569622,-460.6724,-4.590397,-16.494297
2015-01-01 16:05:16.843,3.3169324,24.542065,-451.9305,0.13205147,-13.498296
2015-01-01 16:06:56.328,3.2456071,23.953419,-452.89954,-2.202034,-7.5823464
2015-01-01 16:08:34.984,3.311072,24.65474,-454.65744,-2.592905,-6.1534076
2015-01-01 16:10:24.437,3.2026906,27.825413,-449.9111,7.8523064,-4.846543
2015-01-01 16:11:52.300,3.2555225,25.118305,-454.3376,-2.235365,-8.201214
2015-01-01 16:13:26.339,3.394249,24.379068,-451.2007,-2.7200108,-17.376144
2015-01-01 16:15:06.535,4.0844426,24.819979,-457.91696,-8.642414,-15.927875
2015-01-01 16:16:42.113,4.264499,24.13225,-457.99347,-4.662649,-11.9854555
2015-01-01 16:18:20.769,4.5018272,23.781372,-458.04095,-5.1179466,-10.741926
2015-01-01 16:19:59.429,4.523275,22.70051,-457.1951,-3.715685,-11.248681
2015-01-01 16:21:38.085,4.39103,22.206764,-458.11755,-3.29599,-9.941083
2015-01-01 16:23:16.746,4.3599854,21.878277,-457.5028,-2.7922897,-10.658291
2015-01-01 16:24:52.324,4.3569617,21.943682,-455.7231,-2.4132442,-10.045661
2015-01-01 16:26:41.773,4.107159,26.160202,-455.137,-6.052412,-12.323273
2015-01-01 16:28:12.722,3.6209295,22.047054,-452.50024,-1.3250256,-12.286841
2015-01-01 16:29:48.156,3.4351153,22.317804,-449.49557,3.6280289,-7.7235336
2015-01-01 16:31:25.417,3.628039,22.61741,-451.96866,-2.5011406,-18.575535
2015-01-01 16:33:05.617,4.3123317,22.155632,-455.36145,-1.7515717,-14.174344
2015-01-01 16:34:42.734,3.8826408,25.2503,-450.1566,1.5281086,-16.223291
2015-01-01 16:36:22.933,4.5612254,23.351538,-455.25046,-6.023838,-12.1278925
2015-01-01 16:38:01.593,4.501993,23.64214,-455.801,-3.1021023,-11.408793
2015-01-01 16:39:40.250,4.077182,24.055204,-453.73798,-4.19685,-11.900932
2015-01-01 16:41:17.230,2.9547384,23.608114,-445.877,4.2983704,-9.860367
2015-01-01 16:43:08.363,3.2073956,26.96319,-448.8415,-8.607876,-6.3846207
2015-01-01 16:44:37.628,3.0753734,24.145031,-447.41302,-4.810478,-8.692056
2015-01-01 16:46:19.371,3.0001755,22.868488,-445.27057,-6.009716,-5.222614
2015-01-01 16:47:58.027,3.1403227,24.200777,-446.96527,-0.69574547,-7.565893
2015-01-01 16:49:35.144,3.305834,29.642614,-442.43466,1.7395344,-8.716669
2015-01-01 16:51:15.488,2.7243297,24.478523,-449.18304,-5.7143097,-14.163835
2015-01-01 16:52:50.925,2.7370028,24.403187,-448.175,2.6084595,-10.941562
2015-01-01 16:54:29.582,2.7267478,23.8815,-446.74356,1.972681,-12.02627
2015-01-01 16:56:14.406,2.9011965,24.080778,-447.1995,0.7029133,-10.332811
2015-01-01 16:57:46.902,2.9017038,24.078974,-446.6812,1.006443,-10.187989
2015-01-01 16:59:34.949,2.9037795,26.262974,-447.96487,-2.602604,-11.372018
2015-01-01 17:01:04.218,2.9550064,24.31357,-446.8164,3.5780182,-12.437942
2015-01-01 17:02:46.097,2.9151871,23.980528,-449.08566,-6.636978,-13.147506
2015-01-01 17:04:18.589,3.1168606,23.786026,-448.7451,-3.7290745,-15.583559
2015-01-01 17:05:54.027,3.1823738,24.637297,-449.2151,-4.368946,-15.506332
2015-01-01 17:07:32.828,2.919176,23.095327,-447.94833,-6.818144,-16.480568
2015-01-01 17:09:13.027,3.8894603,23.200134,-455.94327,-11.069004,-14.873172
2015-01-01 17:10:51.683,3.8704872,22.609758,-453.341,-0.3556614,-15.39481
2015-01-01 17:12:25.582,3.4905076,24.111835,-448.5022,3.6222687,-10.484282
2015-01-01 17:14:02.695,2.9277556,22.638874,-441.30426,1.4256744,-13.04246
2015-01-01 17:15:55.371,3.4010365,25.320242,-448.1551,-4.8672714,-10.91882
2015-01-01 17:17:24.640,3.2995026,22.971018,-446.26974,-2.1924915,-14.191951
2015-01-01 17:19:06.378,3.5185068,22.916143,-446.3465,-2.0158691,-14.4068575
2015-01-01 17:20:43.640,4.4939666,28.653248,-455.41406,-12.423416,-7.4800367
2015-01-01 17:22:16.128,4.169736,26.195772,-458.3631,-8.723017,-11.048106
2015-01-01 17:23:54.789,4.038975,28.81393,-456.0616,-7.9696255,-13.447766
2015-01-01 17:25:31.906,3.9434185,25.784458,-453.68472,-8.542791,-16.835995
2015-01-01 17:27:07.484,4.2293835,25.456526,-455.391,-8.983555,-18.681463
2015-01-01 17:28:47.683,4.256769,27.302002,-458.36398,-10.655081,-11.042839
2015-01-01 17:30:26.339,4.0638328,24.939941,-457.80084,-8.146282,-8.369586
2015-01-01 17:32:15.792,3.627593,26.649105,-450.02216,-5.106121,-11.677606
2015-01-01 17:33:42.121,3.6092541,24.038767,-451.82675,-7.5600834,-22.124676
2015-01-01 17:35:17.691,3.712052,24.452745,-452.43842,-7.883993,-17.029182
2015-01-01 17:36:56.214,4.034286,25.83797,-450.04666,-0.03135872,-11.951318
2015-01-01 17:38:34.875,4.1855893,26.545883,-453.32483,-13.482248,-18.080061
2015-01-01 17:40:10.585,4.082289,25.492138,-452.19482,-7.2386303,-15.371072
2015-01-01 17:41:49.249,4.0112247,24.35719,-448.3149,-4.171032,-12.841706
2015-01-01 17:43:27.906,4.522271,25.59818,-448.26175,-3.5236855,-16.883255
2015-01-01 17:45:06.425,4.4727244,25.664007,-447.7244,1.7004604,-12.1569
2015-01-01 17:46:43.542,4.3079815,26.372595,-443.75058,0.85336685,-17.232473
2015-01-01 17:48:33.132,4.2864094,27.174196,-447.75333,-7.859194,-20.252956
2015-01-01 17:50:02.542,4.187283,24.252075,-447.28494,-8.26837,-20.140127
2015-01-01 17:51:36.433,4.704981,28.160477,-443.6716,-3.5768661,-15.618151
2015-01-01 17:53:16.777,4.4323244,25.11027,-442.8206,11.343304,-6.8650923
2015-01-01 17:54:52.351,4.139948,25.062958,-449.37228,-5.531666,-17.44181
2015-01-01 17:56:29.328,3.936555,26.669752,-443.6173,1.5462551,-15.890484
2015-01-01 17:58:14.156,4.043362,28.257133,-437.20825,6.080391,-14.838694
2015-01-01 17:59:52.816,3.6197803,25.34797,-439.45764,4.1143913,-16.894316
2015-01-01 18:01:29.929,3.9857385,25.071394,-447.11298,0.6276932,-16.741274
2015-01-01 18:02:59.304,4.7442703,31.793943,-437.0869,13.640591,-14.485504
2015-01-01 18:04:51.871,5.2911806,37.53324,-434.9388,6.811592,-8.665872
2015-01-01 18:06:20.531,7.4192586,60.07798,-436.21378,13.755329,-3.6906111
2015-01-01 18:08:02.992,4.7554255,31.2414,-439.4136,6.8660545,-16.607965
2015-01-01 18:09:41.683,4.714258,30.085617,-438.28833,5.9991837,-16.416351
2015-01-01 18:11:20.339,4.890178,29.076214,-438.83255,5.822029,-17.272528
2015-01-01 18:12:58.999,5.3476777,34.81617,-439.97684,5.403183,-14.290069
2015-01-01 18:14:37.664,4.4242845,31.206984,-444.52637,-10.587645,-7.6991343
2015-01-01 18:16:16.320,4.365848,31.209366,-445.68915,-12.21208,-9.008409
2015-01-01 18:17:54.976,4.9829626,32.482475,-445.90628,-5.7819576,-22.39766
2015-01-01 18:19:27.468,5.2576895,33.55549,-446.31714,-7.019066,-16.04067
2015-01-01 18:21:20.140,5.577933,34.3974,-445.67957,-5.1156826,-13.716972
2015-01-01 18:22:47.867,5.359252,32.694763,-444.82724,-8.106379,-14.282805
2015-01-01 18:24:29.617,5.967385,32.763493,-444.10895,-5.603857,-12.074352
2015-01-01 18:26:08.273,4.858047,31.114138,-443.5847,-2.164732,-12.13759
2015-01-01 18:27:46.929,5.2369304,31.588882,-442.17377,-0.51444244,-10.579934
2015-01-01 18:29:28.679,5.65146,32.430084,-441.76953,-2.9521675,-11.444625
2015-01-01 18:31:07.335,4.779896,30.186396,-443.79562,-2.818756,-11.0085535
2015-01-01 18:32:45.992,5.0344014,31.091995,-446.52814,-9.834465,-16.850801
2015-01-01 18:34:24.648,5.1331873,30.6028,-446.30075,-9.354496,-16.126352
2015-01-01 18:36:00.187,4.6920533,31.138008,-443.0445,-3.598793,-9.553857
2015-01-01 18:37:46.593,4.7058797,29.900734,-442.88907,-9.777031,-19.56342
2015-01-01 18:39:14.460,4.8414507,31.815966,-440.21466,-5.8509865,-10.486061
2015-01-01 18:40:56.203,5.1240296,31.458952,-438.20184,-8.47127,-8.870426
2015-01-01 18:42:31.781,4.417491,34.413685,-440.56732,-2.1279354,-8.699066
2015-01-01 18:44:10.437,4.717562,31.179962,-443.91928,-1.1859016,-6.849917
2015-01-01 18:45:49.101,4.644379,30.375273,-443.2196,-3.6255398,-14.729838
2015-01-01 18:47:27.757,4.9103117,31.100365,-443.6447,-6.638996,-15.430961
2015-01-01 18:49:03.335,4.3045583,30.986069,-444.02777,-0.67303276,-11.174656
2015-01-01 18:50:41.992,3.985236,30.663675,-441.97205,2.4922028,-9.5429325
2015-01-01 18:55:41.046,5.9497313,36.262085,-433.77322,5.537651,-8.392893
2015-01-01 18:57:16.624,6.2171555,37.434685,-434.16852,1.8205376,-7.53032
2015-01-01 18:58:55.289,5.7750316,33.559574,-436.44437,0.8445568,-9.883761
2015-01-01 18:59:29.902,,,,,
2015-01-01 19:02:12.601,4.877719,27.13281,-435.96902,-1.3262577,-12.571838
2015-01-01 19:03:48.320,4.9845066,28.970768,-432.3396,2.509449,-5.7690554
2015-01-01 19:05:26.976,5.1224203,32.40825,-433.35352,5.8950806,-6.300983
2015-01-01 19:07:08.609,5.437598,35.10595,-436.66394,7.3935204,-3.999696
2015-01-01 19:08:47.242,4.905299,32.375923,-437.72488,5.1525,-3.7113614
2015-01-01 19:10:32.062,5.178941,33.62299,-433.99976,1.1259079,1.133103
2015-01-01 19:12:04.703,5.3931274,32.07124,-431.9644,0.7191601,-13.583573
2015-01-01 19:13:40.273,6.452536,39.080772,-426.2588,8.6039505,-22.355633
2015-01-01 19:15:20.468,5.6458993,26.851564,-432.92505,-6.0528564,-10.13084
2015-01-01 19:17:00.671,5.8662353,29.617046,-432.08658,-8.647587,-9.762023
2015-01-01 19:18:39.335,6.0341473,29.79254,-431.57205,-7.9684677,-8.03185
2015-01-01 19:20:17.992,5.9423356,29.948215,-430.479,-7.522789,-4.9551215
2015-01-01 19:21:56.648,6.001751,29.1629,-431.58173,-5.388653,-6.605426
2015-01-01 19:23:32.226,6.455191,30.083664,-431.35205,-4.4355564,-10.1692095
2015-01-01 19:25:10.882,6.144416,31.866331,-431.01648,-3.1209087,-7.3797765
2015-01-01 19:26:58.656,6.3536186,34.42645,-433.1182,-2.7566013,-1.7143036
2015-01-01 19:28:31.289,5.663232,32.683765,-432.4179,-3.7182999,-3.1152854
2015-01-01 19:30:03.781,6.46355,33.707363,-429.70505,-7.2771378,-4.764174
2015-01-01 19:31:42.437,6.3428497,30.081413,-432.27914,-7.443363,-6.3998513
2015-01-01 19:33:21.093,6.1010323,36.287685,-431.35104,2.8832436,-4.079731
2015-01-01 19:34:59.757,5.4795933,34.526672,-433.74258,-3.4231987,-6.0320573
2015-01-01 19:36:35.328,4.9759645,31.782951,-430.14633,-6.9234886,-8.72076
2015-01-01 19:38:13.992,5.9809947,36.5026,-434.87537,0.30451202,-9.726506
2015-01-01 19:39:52.648,5.2409234,35.268993,-431.22803,-5.0071373,-2.7734513
2015-01-01 19:41:31.312,4.5232477,30.670668,-431.76297,-7.2797127,-5.934587
2015-01-01 19:43:19.078,4.9969616,34.228836,-434.72012,-8.070169,-3.7385993
2015-01-01 19:44:51.710,4.8507204,33.228336,-433.7726,-9.449354,-3.6869123
2015-01-01 19:46:27.281,4.8394227,33.32332,-433.70285,-7.1381474,-1.6954092
2015-01-01 19:48:05.945,5.1149,32.499924,-431.022,-8.48958,0.6207834
2015-01-01 19:49:44.601,6.0412803,33.766144,-433.10547,-4.767666,-2.9123592
2015-01-01 19:51:23.257,5.3794184,33.220245,-433.91498,-2.2743568,-6.658923
2015-01-01 19:53:01.921,5.3182683,34.817135,-433.23914,-1.805296,-3.6940982
2015-01-01 19:54:40.578,4.9117985,33.601166,-431.80002,-9.436329,-1.461631
2015-01-01 19:56:19.234,5.4491444,33.167385,-429.21603,-0.9735584,-2.7665274
2015-01-01 19:58:00.843,5.1230283,35.098736,-433.71362,-4.500061,-3.588119
2015-01-01 19:59:44.265,5.770953,35.58506,-428.66763,3.8349953,-5.0011845
2015-01-01 20:01:18.296,5.913307,37.084698,-425.52475,-9.743364,-0.7192666
2015-01-01 20:02:53.874,5.6992764,36.369793,-430.17697,0.305624,-3.8582506
2015-01-01 20:04:35.617,5.690281,34.176876,-430.2054,-5.633692,-1.3929079
2015-01-01 20:06:14.273,6.106876,36.10707,-429.84973,3.9223747,2.9848979
2015-01-01 20:07:52.757,5.723818,34.36308,-438.97403,1.4566231,-11.892967
2015-01-01 20:09:34.531,5.5747304,33.803963,-435.57846,-2.7046642,-10.85771
2015-01-01 20:11:10.109,6.1591687,30.290508,-441.253,-1.9831429,-19.676783
2015-01-01 20:12:48.765,5.5378985,31.185095,-438.07623,-4.504711,-11.143112
2015-01-01 20:14:27.429,5.723896,32.28602,-438.90704,-6.7867355,-13.150644
2015-01-01 20:16:12.250,5.805574,35.76164,-438.1116,-7.2126045,-3.1879542
2015-01-01 20:17:44.734,5.598922,36.279415,-436.74823,-10.264954,-15.862598
2015-01-01 20:19:20.320,5.641931,33.540833,-435.4319,1.1376457,-17.056887
2015-01-01 20:20:58.976,6.09516,37.312893,-433.56836,-2.1474247,-20.759075
2015-01-01 20:22:37.632,5.4443955,37.11137,-439.90402,-0.52275276,-13.198592
2015-01-01 20:24:13.210,6.572284,42.409065,-434.3497,-4.2035923,-15.325294
2015-01-01 20:25:48.101,6.443974,36.458714,-424.75476,19.203,-5.1150775
2015-01-01 20:27:24.328,6.3382425,33.904716,-421.16455,-15.556262,9.208497
2015-01-01 20:29:06.921,6.1642795,38.673706,-422.87915,9.855381,6.788085
2015-01-01 20:30:44.757,6.8308787,52.540936,-433.61148,-1.6511078,-12.192189
2015-01-01 20:32:32.632,6.133673,43.001255,-444.87543,-7.423641,-18.424559
2015-01-01 20:34:00.679,4.9677544,26.23194,-436.84744,-3.3055973,-18.692938
2015-01-01 20:35:43.820,4.8360186,32.36757,-436.1059,-2.164713,-10.571052
2015-01-01 20:37:22.476,4.848992,31.526134,-435.21478,-0.86171913,-11.235289
2015-01-01 20:38:58.187,5.152131,32.340866,-433.64963,-4.016968,-8.981843
2015-01-01 20:40:39.796,5.078839,32.243816,-435.9692,-8.09449,-11.557889
2015-01-01 20:42:15.507,4.8140917,31.045382,-432.71027,-7.4501686,-13.344639
2015-01-01 20:43:54.164,5.065725,31.487064,-432.3656,-5.202345,-11.284144
2015-01-01 20:45:32.828,5.220386,30.427963,-434.58444,-7.946865,-11.476793
2015-01-01 20:47:14.429,5.3635736,34.017452,-437.72296,-6.232481,-12.7963
2015-01-01 20:48:59.249,4.7808537,31.37203,-437.63486,-7.092634,-13.166228
2015-01-01 20:50:34.820,4.901939,30.438675,-434.48645,-7.47818,-14.312928
2015-01-01 20:52:10.539,5.223145,31.774157,-432.3532,-8.291319,-12.040431
2015-01-01 20:53:49.195,5.31404,30.38551,-430.309,-9.158554,-9.635723
2015-01-01 20:55:27.859,5.4946117,34.167202,-430.21683,-5.827921,-9.456537
2015-01-01 20:57:06.515,5.4251966,30.713724,-431.53558,-6.274008,-11.164559
2015-01-01 20:58:45.039,5.2839065,30.37063,-435.03513,-4.631933,-12.251706
2015-01-01 21:00:23.695,5.117168,29.454552,-435.28745,-6.003006,-14.251735
2015-01-01 21:02:02.351,5.394047,30.51229,-436.03842,-5.822439,-11.803826
2015-01-01 21:03:38.062,5.1406827,29.319307,-430.36673,-6.293749,-15.962699
2015-01-01 21:05:22.750,5.5010567,32.173683,-436.50287,-6.225357,-14.722641
2015-01-01 21:06:58.320,5.436978,31.640665,-436.0673,-6.576412,-10.597556
2015-01-01 21:08:33.898,5.2551312,30.75066,-435.81027,-5.6900234,-13.1843405
2015-01-01 21:10:12.562,5.54682,31.87635,-437.3847,-5.0891724,-12.126698
2015-01-01 21:11:48.132,5.4470572,32.180332,-436.23865,-5.6067657,-10.015733
2015-01-01 21:13:26.789,5.6170974,33.507286,-438.64075,-8.63611,-10.89843
2015-01-01 21:15:05.453,5.4090385,33.278683,-436.70007,-4.3175926,-15.406945
2015-01-01 21:16:40.992,5.1508904,33.00898,-438.27573,-2.697382,-18.470222
2015-01-01 21:18:22.765,5.1213818,30.6664,-439.99667,-3.3696365,-13.408007
2015-01-01 21:19:58.304,5.286088,31.43301,-440.25427,-2.6551933,-11.873127
2015-01-01 21:21:44.843,5.144738,30.735525,-445.5352,-4.194784,-7.285541
2015-01-01 21:23:12.570,4.973231,29.149067,-441.56287,-2.2486782,-13.049918
2015-01-01 21:24:54.320,4.751759,27.784008,-441.67526,0.25,-19.337849
2015-01-01 21:26:29.890,4.817636,28.425442,-440.4377,1.8753796,-18.719301
2015-01-01 21:28:05.437,5.4127526,32.469563,-438.10956,8.692154,-19.088621
2015-01-01 21:29:47.210,5.330731,29.695717,-442.1665,-1.6848145,-20.400862
2015-01-01 21:31:25.867,5.0078216,29.957325,-441.2981,-1.1386147,-19.587961
2015-01-01 21:33:01.445,4.8363695,28.60804,-441.0637,-2.464777,-16.347498
2015-01-01 21:34:40.101,4.9380746,28.467245,-441.81845,-2.3823967,-18.543005
2015-01-01 21:36:18.757,5.156994,29.68214,-441.0485,-4.327656,-13.764617
2015-01-01 21:38:03.578,5.5224953,31.60182,-441.89664,-1.4212399,-11.703854
2015-01-01 21:39:34.531,5.2233043,29.774714,-448.26483,-3.834158,-19.051994
2015-01-01 21:41:08.562,5.1420655,31.008678,-448.2093,-5.0593605,-19.173761
2015-01-01 21:42:47.218,5.3259187,31.73607,-448.14914,-2.5985222,-18.70078
2015-01-01 21:44:25.882,5.296028,30.902271,-439.01227,-4.9098587,-14.535519
2015-01-01 21:46:07.765,6.308359,32.72306,-438.95862,-7.367588,-5.3359823
2015-01-01 21:47:46.390,5.9161,34.10948,-436.22302,-21.615526,5.5746927
2015-01-01 21:49:28.023,5.3201876,29.876472,-435.97314,-11.637407,-10.015358
2015-01-01 21:51:06.687,5.4888706,29.709705,-447.08978,-5.1671886,-15.379888
2015-01-01 21:52:39.171,6.090368,32.122368,-445.35495,-8.767208,-12.229888
2015-01-01 21:54:31.843,5.242828,30.681175,-446.12302,1.0861721,-13.394299
2015-01-01 21:55:59.570,5.666197,30.493061,-447.61346,-8.605034,-18.633574
2015-01-01 21:57:35.148,5.1565294,29.633621,-446.52393,-6.3078213,-20.509163
2015-01-01 21:59:13.804,5.252933,28.392895,-444.7383,-8.27326,-17.283298
2015-01-01 22:00:58.632,5.387608,30.23721,-441.67578,-9.903648,-15.724038
2015-01-01 22:02:37.296,5.261126,28.688576,-443.65097,-5.9712067,-17.98378
2015-01-01 22:04:15.953,5.3454204,29.447336,-441.62302,-9.350096,-16.161224
2015-01-01 22:05:54.609,5.4337554,27.506527,-441.3038,-8.263037,-18.137672
2015-01-01 22:07:33.265,5.515957,29.057909,-442.133,-8.636278,-17.19473
2015-01-01 22:09:11.929,5.4507484,28.739565,-443.97855,-7.8777256,-16.108292
2015-01-01 22:10:58.429,5.5150604,30.545034,-444.65726,-5.3149643,-11.901172
2015-01-01 22:12:26.156,6.3931994,35.4861,-436.72174,4.4067955,-21.18762
2015-01-01 22:14:04.820,5.164682,27.523647,-444.96124,-8.18565,-17.805548
2015-01-01 22:15:43.476,5.598599,28.548092,-442.04712,-4.3722477,-13.10663
2015-01-01 22:17:22.140,5.303954,29.783121,-428.06348,10.85099,-23.28381
2015-01-01 22:18:57.679,5.619126,30.753271,-441.34927,-6.4103546,-10.391376
2015-01-01 22:20:37.914,5.610928,28.2409,-443.5213,-7.8222485,-8.7702265
2015-01-01 22:22:15.031,4.7260604,27.44758,-444.1717,-6.198986,-12.386401
2015-01-01 22:23:53.687,5.4069667,27.705889,-440.76642,-12.517279,-12.051827
2015-01-01 22:25:32.351,5.2032,28.095362,-442.30823,-7.7662544,-17.077652
2015-01-01 22:27:18.710,5.4338074,30.470875,-442.76852,-6.126463,-14.622425
2015-01-01 22:28:46.578,5.146038,28.069765,-446.77094,-3.925827,-21.8385
2015-01-01 22:30:22.148,4.7042713,28.939116,-440.195,-1.1514034,-17.436634
2015-01-01 22:32:06.984,4.7966914,29.957054,-444.64447,-2.987276,-17.255375
2015-01-01 22:33:46.499,5.191021,29.424122,-447.8016,-3.1064606,-24.581642
2015-01-01 22:35:18.125,6.3045607,31.377333,-449.02783,-8.665623,-26.859705
2015-01-01 22:36:53.710,5.342064,28.679564,-440.36642,-9.3100395,-16.233162
2015-01-01 22:38:41.617,5.253309,27.78714,-440.1795,-11.259073,-17.798283
2015-01-01 22:40:20.273,5.174936,28.214481,-436.35516,-9.4710865,-15.393799
2015-01-01 22:41:58.937,5.3555675,28.148827,-440.5909,-10.623943,-16.804817
2015-01-01 22:43:43.757,4.8762503,29.348703,-435.9231,-9.137196,-15.442219
2015-01-01 22:45:19.328,4.9484544,29.076979,-440.27658,-11.131025,-15.01941
2015-01-01 22:46:54.914,5.2723145,30.281569,-443.0367,-11.92865,-16.873291
2015-01-01 22:48:36.656,5.545343,28.608038,-442.182,-16.781075,-15.766314
2015-01-01 22:50:15.312,5.7187853,29.059109,-442.36813,-13.860543,-16.591593
2015-01-01 22:51:53.968,5.2828145,28.95767,-440.63113,-11.73963,-15.353844
2015-01-01 22:53:32.632,5.0869727,29.300194,-440.74844,-9.018911,-9.974657
2015-01-01 22:55:08.164,5.725788,28.9448,-438.17413,-11.816498,-13.435483
2015-01-01 22:56:46.820,5.798997,28.254969,-439.02197,-5.916918,-18.395678
2015-01-01 22:58:25.523,6.1044097,30.40263,-439.94052,-7.32201,-17.479092
2015-01-01 23:00:11.882,5.174581,34.338757,-438.01782,-9.602016,-11.473154
2015-01-01 23:01:42.835,5.8572736,30.56127,-442.01193,-13.022318,-15.906338
2015-01-01 23:03:15.468,5.159234,31.680056,-431.34097,-2.0741138,-1.8040305
2015-01-01 23:04:54.124,5.231105,33.52678,-428.1693,-2.026493,3.016396
2015-01-01 23:06:32.789,5.1532025,31.134172,-431.89267,-4.123272,-3.1742954
2015-01-01 23:08:08.367,5.1530013,31.284388,-433.40598,-2.3329601,0.63994
2015-01-01 23:09:47.023,5.3567333,32.705425,-431.67575,-4.5759354,1.3898507
2015-01-01 23:11:28.625,6.4796677,31.266647,-437.6561,-9.806324,-5.488021
2015-01-01 23:13:04.335,6.2870736,34.93238,-433.4279,-7.7909737,4.740899
2015-01-01 23:14:45.945,5.8365026,31.087519,-435.83142,-3.3515606,-10.528528
2015-01-01 23:16:30.765,5.879767,32.719208,-433.69894,-3.584652,-1.982549
2015-01-01 23:18:03.406,5.060626,31.780928,-433.28323,-4.0881424,-1.6145937
2015-01-01 23:19:38.976,4.8744555,32.458427,-431.2604,-1.0979939,-2.433777
2015-01-01 23:21:17.632,4.9844465,30.250822,-432.1233,-13.233604,-1.4557347
2015-01-01 23:22:56.296,5.365204,32.735703,-430.68695,-5.938858,-2.416209
2015-01-01 23:24:34.953,4.7905865,33.364964,-430.6047,-4.536499,-4.1746035
2015-01-01 23:26:13.609,5.1789856,35.278458,-431.22757,-4.108389,0.72036
2015-01-01 23:27:52.273,4.9087877,37.803352,-427.30948,-7.688221,-0.7226214
2015-01-01 23:29:30.828,5.282457,43.358234,-424.55106,-25.275272,17.124031
2015-01-01 23:31:09.445,5.2983723,40.74715,-423.00922,-7.984415,-2.263299
2015-01-01 23:32:55.851,4.9856167,45.30562,-421.29266,7.387844,5.753643
2015-01-01 23:34:36.046,4.9505324,41.4788,-423.11475,6.1512146,-2.511522
2015-01-01 23:36:05.562,5.6833496,37.76391,-418.56448,-3.413475,9.790635
2015-01-01 23:37:50.390,5.588486,38.026226,-417.4015,-3.402462,5.049014
2015-01-01 23:39:31.984,5.46189,37.432632,-414.28403,-5.021084,3.250896
2015-01-01 23:41:13.734,4.9832845,37.721703,-435.59378,3.7738342,2.2371867
2015-01-01 23:42:43.148,4.9966216,39.414326,-436.83826,-2.6878376,-7.7465405
2015-01-01 23:44:21.804,4.6068797,33.627464,-439.20532,-4.028036,-1.8318765
2015-01-01 23:46:00.460,4.3623924,33.894543,-440.23434,-5.7106743,-8.310807
2015-01-01 23:47:39.125,4.7302523,39.492237,-433.68143,4.758194,-1.6669676
2015-01-01 23:49:20.859,4.4920673,35.178482,-439.7594,-4.997284,-10.751171
2015-01-01 23:50:50.273,4.839126,31.251232,-444.84555,-11.138744,-19.587364
2015-01-01 23:52:25.843,4.4810386,32.287144,-444.5606,-7.2675495,-15.192436
2015-01-01 23:54:10.671,4.6848407,34.05149,-443.42325,-3.8362083,-11.454437
2015-01-01 23:55:48.648,5.2322354,39.431305,-427.73904,4.297611,-2.7226322
2015-01-01 23:57:24.906,3.8421848,30.088024,-438.23215,-4.358345,-5.772024
